id;name;geb;gebmwhg;whg;wgeb;ntz;wgeb_1whg;wgeb_2whg;wgeb_3pwhg;wgeb_gem;geb_hotel;geb_buero;geb_handel;geb_verkehr;geb_indust;geb_kultur;geb_sonst;geb_unbekannt;bp_vor1919;bp_1919b1944;bp_1945b1960;bp_1961b1970;bp_1971b1980;bp_1981b1990;bp_1991b2000;bp_2001b2005;bp_2006b2010;bp_2011b2015;bp_2016b2020;bp_2021b2025;bp_unbekannt;gfl_lt50;gfl_50b74;gfl_75b99;gfl_100b149;gfl_150b249;gfl_250b499;gfl_500b999;gfl_ge1000;gfl_unbekannt;rwg_01b02;rwg_03b10;rwg_11b20;rwg_21p;rwg_gem;wgnn_01b02;wgnn_03b10;wgnn_11b20;wgnn_21p;wgnn_gem;nwg_01b02;nwg_03b10;nwg_11b20;nwg_21p;nwg_gem;nwg_unbekannt;nurhws;nurnws;hwsnws;ohnews;whg1wfl_lt60;whg1wfl_60b89;whg1wfl_90b119;whg1wfl_120b149;whg1wfl_150b199;whg1wfl_ge200;whg2wfl_lt120;whg2wfl_120b149;whg2wfl_150b199;whg2wfl_200b249;whg2wfl_250b299;whg2wfl_ge300;whg3pwfl_lt200;whg3pwfl_200b299;whg3pwfl_300b499;whg3pwfl_500b799;whg3pwfl_800b1499;whg3pwfl_ge1500
101;Eisenstadt(Stadt);4444;3909;9838;3740;10795;2988;221;501;30;43;141;119;7;116;64;120;94;340;269;490;563;480;479;225;181;231;143;263;215;565;112;309;517;1166;1214;665;232;135;94;3200;268;171;47;30;9;6;5;4;0;156;27;3;0;424;94;2361;149;1044;890;64;281;833;1006;531;273;5;16;73;70;36;21;18;38;88;142;162;53
102;Rust(Stadt);1624;1268;1589;1230;2026;1109;81;39;1;46;10;18;1;20;7;283;9;152;26;167;247;366;152;51;35;40;34;47;11;296;295;423;121;304;300;122;39;11;9;1188;29;7;0;1;2;3;0;0;0;38;0;0;0;347;9;473;360;184;607;420;150;185;186;104;64;4;11;35;23;5;3;5;7;10;10;7;0
103;Eisenstadt-Umgebung;25270;21751;27536;21418;36456;19537;1216;652;13;234;200;196;21;636;183;2313;69;1441;1189;2268;3031;4885;3377;2191;1577;1512;1249;1360;861;329;2081;2240;2871;6449;7872;2783;656;249;69;20657;531;88;13;13;96;11;8;1;0;313;23;3;0;3444;69;12590;2237;3799;6644;2144;3449;4545;5334;2758;1307;61;146;408;351;169;81;51;104;197;196;94;10
104;Güssing;14066;12456;15193;12225;19537;11174;650;374;27;106;123;130;9;304;160;981;28;1460;1107;1654;1612;2106;1649;1218;763;625;538;610;529;195;604;662;1179;3994;4952;2175;352;120;28;11783;324;21;5;27;41;20;4;0;0;212;28;1;2;1570;28;6884;1139;2845;3198;595;2250;2914;3128;1416;871;37;59;168;190;118;78;16;68;196;68;21;5
105;Jennersdorf;8847;7590;9786;7400;12934;6438;680;273;9;116;102;69;6;194;108;843;9;1623;518;700;803;1093;1167;855;488;403;307;384;483;23;485;333;600;2078;2864;2024;361;93;9;7065;230;20;0;9;53;18;3;2;0;178;15;0;0;1245;9;4564;586;1659;2038;387;1264;1704;1826;854;403;30;77;164;221;121;67;12;47;131;62;20;1
106;Mattersburg;20392;16752;22696;16500;31696;14619;1229;619;33;107;200;194;22;540;165;2619;45;1121;1301;2275;2699;3075;2408;2187;1183;1073;994;1106;751;219;2051;1055;1961;5602;6670;2253;493;262;45;15774;468;104;12;32;74;24;6;5;1;242;22;1;0;3582;45;10874;1231;3115;5172;905;2290;3574;4491;2206;1153;74;168;406;340;170;71;23;91;211;178;103;13
107;Neusiedl am See;30427;25663;34904;25127;48958;22158;1922;1013;34;553;288;349;31;868;300;2845;66;884;1482;2784;3733;4856;4137;3213;1824;1798;1925;2203;1424;164;1770;1427;2722;6997;11023;4507;1373;542;66;23948;784;145;33;32;132;37;11;3;2;514;40;1;1;4678;66;15178;2258;5564;7427;888;2811;5392;6839;3998;2230;58;166;439;628;381;250;65;149;338;302;135;24
108;Oberpullendorf;21772;18450;22279;18056;30919;16310;1289;432;25;163;224;217;21;536;224;2276;55;1950;1742;2318;2837;3549;2458;1698;1121;934;988;1121;865;191;1275;993;1726;5827;7886;3195;614;201;55;17531;368;31;3;24;68;24;6;0;1;378;28;2;0;3253;55;9690;1984;4582;5516;874;3025;4045;4699;2342;1325;57;137;422;377;198;98;15;79;212;87;36;3
109;Oberwart;27475;23534;31304;23021;41877;20623;1498;828;72;259;276;329;30;740;352;2420;48;2910;1923;3038;3571;4085;3243;2411;1473;1235;1123;1179;1153;131;1620;1258;2262;7272;9624;4137;909;345;48;22022;641;104;24;68;99;37;16;6;4;474;55;6;4;3867;48;14236;1740;4701;6798;1153;3561;5444;6224;2824;1417;76;145;499;433;242;103;40;134;319;193;113;29
201;Klagenfurt Stadt;22937;19942;67556;19010;76932;11866;2300;4772;72;206;623;519;44;1008;384;864;279;1670;2229;3374;2726;2758;2435;2339;1264;965;857;939;847;534;858;1839;3606;6110;5533;2784;1152;776;279;14033;3070;1002;318;64;133;248;71;63;8;766;199;15;4;2664;279;12153;415;5746;4623;515;1354;2680;4322;2091;904;250;454;830;489;186;91;306;621;1177;1348;949;371
202;Villach Stadt;14070;12126;41350;11540;46363;6606;1945;2953;36;251;284;339;28;441;181;870;136;1077;1209;2066;1759;1587;1606;1428;683;708;537;548;711;151;750;881;1987;3932;3689;1705;606;384;136;8475;1995;679;149;30;76;90;34;6;6;392;191;17;6;1788;136;7243;288;3860;2679;305;672;1420;2439;1283;487;165;390;705;477;147;61;142;479;773;840;574;145
203;Hermagor;9122;7294;11827;6874;16403;4705;1571;567;31;451;81;111;20;331;169;1073;12;1792;633;1099;1054;1128;1028;698;373;389;253;314;285;76;840;646;917;2696;2702;990;230;89;12;6175;494;37;3;31;101;30;2;1;0;345;93;3;2;1793;12;3924;552;1665;2981;431;712;856;1256;992;458;124;287;570;345;152;93;70;203;182;83;27;2
204;Klagenfurt Land;27407;23498;35341;22862;46020;18467;2862;1480;53;570;233;178;14;568;263;2659;60;2520;1242;2628;3146;3591;3862;2907;1700;1416;1334;1546;1226;289;1956;1871;3355;8645;8576;2289;444;211;60;21214;1213;170;23;51;115;62;9;3;2;602;55;1;1;3826;60;15322;1018;4920;6147;1008;2355;3786;5974;3723;1621;205;447;1002;791;300;117;142;330;478;352;154;24
205;Sankt Veit an der Glan;20335;17501;31268;16927;37969;12736;2486;1656;49;276;231;267;35;688;280;1275;356;3203;1296;2431;2174;2412;2478;1934;1006;955;683;646;485;632;1104;1400;2424;6037;6153;2015;582;264;356;15135;1358;207;29;46;87;51;7;4;3;516;76;3;1;2456;356;11261;640;3859;4575;844;1787;2621;3934;2363;1187;241;493;906;521;188;137;120;356;566;438;143;33
206;Spittal an der Drau;32233;26248;47221;24974;61515;17619;4836;2474;45;1316;337;416;65;830;385;3567;343;3795;1885;3858;4117;4588;3738;2980;1553;1428;1250;1307;1181;553;2598;2752;4296;9754;8485;2892;788;325;343;22293;1982;318;58;38;162;92;19;5;7;1155;130;9;1;5621;343;15703;1769;6030;8731;1149;2456;3386;5179;3625;1824;430;889;1643;1145;455;274;251;658;727;529;252;57
207;Villach Land;29974;24578;39440;23848;52946;17543;4429;1840;36;657;255;265;35;786;271;3635;222;2854;1679;3722;3729;3934;3586;2637;1669;1380;1302;1631;1184;667;2500;2413;3909;9350;8302;2489;534;255;222;21856;1585;164;20;32;116;59;9;3;4;677;69;4;0;5154;222;15288;1279;5642;7765;1104;2600;3702;5430;3320;1387;355;857;1649;1044;342;182;195;496;592;405;133;19
208;Völkermarkt;19721;15971;23205;15476;33814;12082;2511;835;48;527;177;216;26;578;252;2428;41;2131;964;2758;2539;2672;2624;1954;1004;842;672;771;609;181;1418;1379;2363;5906;6218;1733;428;235;41;14434;638;89;4;45;159;92;10;2;3;474;54;2;1;3673;41;10414;611;3128;5568;724;1913;2724;3423;2282;1016;153;389;856;674;296;143;68;226;285;189;66;1
209;Wolfsberg;20139;17137;27948;16621;39005;12441;3051;1097;32;316;219;275;26;584;207;1861;30;1807;822;2842;2666;2596;2437;2176;1112;958;794;1083;626;220;1354;1425;2358;5818;6496;1823;539;296;30;15369;783;217;15;31;123;71;11;0;1;466;66;4;0;2952;30;11360;568;3527;4684;648;1673;2704;3939;2498;979;274;479;1002;774;366;156;71;188;344;324;155;15
210;Feldkirchen;14024;11368;18784;10973;26300;8269;1794;874;36;396;119;175;18;368;138;1804;33;1427;508;1314;1549;1891;1880;1555;825;725;631;913;619;187;1160;1327;1947;4352;3614;1158;289;144;33;9981;716;74;22;31;82;54;4;4;5;356;57;3;1;2601;33;7107;712;2131;4074;538;1297;1727;2457;1575;675;154;319;626;408;187;100;104;250;242;191;66;21
301;Krems an der Donau(Stadt);7276;5364;17277;5157;23046;3472;510;1159;16;85;151;180;19;468;186;1019;11;1175;710;587;711;866;681;529;296;555;442;446;259;19;981;600;755;1521;1632;1012;426;338;11;3895;643;254;80;13;87;133;35;14;3;133;64;15;6;1890;11;2637;268;1915;2456;329;440;887;949;516;351;33;79;181;131;52;34;82;188;299;306;188;96
302;Sankt Pölten(Stadt);14562;12563;34579;12141;39900;8810;1388;1880;63;80;362;317;40;451;257;912;2;1274;2018;1537;1721;1366;1260;1332;1088;1178;603;576;586;23;850;1011;2070;3990;3691;1577;775;596;2;10153;1069;525;177;62;45;66;23;20;1;355;96;8;1;1959;2;7774;483;3367;2938;533;1265;2449;2565;1372;626;118;232;487;347;127;77;96;237;496;485;398;168
303;Waidhofen an der Ybbs(Stadt);3447;3128;6638;3012;7879;1734;813;455;10;36;58;57;7;79;59;131;8;740;230;348;367;441;459;260;129;153;101;117;92;10;104;143;317;868;1249;447;193;118;8;2501;366;52;5;9;46;29;2;1;1;94;23;3;0;307;8;1854;120;907;566;51;213;320;504;368;278;52;92;233;179;126;131;30;130;131;111;50;3
304;Wiener Neustadt(Stadt);14915;9299;27553;9049;43583;6494;751;1751;53;89;255;260;20;454;212;4559;17;1356;1166;1393;1284;1157;1399;1250;1092;1174;1061;1422;1122;39;3789;1520;1954;3202;2306;1151;553;423;17;7178;1062;316;160;42;67;145;45;23;11;222;61;4;0;5562;17;5793;271;2681;6170;211;978;2094;1777;953;481;95;164;269;147;46;30;74;225;602;377;285;188
305;Amstetten;41943;32668;59032;31711;85433;21058;7860;2721;72;268;458;537;68;1528;586;6153;634;5401;2069;3025;4250;4976;5148;4017;2352;2698;2264;2861;2052;830;3811;2002;2881;8883;13941;5545;2834;1412;634;28655;2144;341;52;68;263;141;25;18;4;855;129;5;0;8609;634;23259;837;7553;10294;523;1998;4134;6646;4503;3254;191;582;2062;2304;1494;1227;120;596;964;663;313;65
306;Baden;52040;45215;84896;44188;104537;36135;3795;4177;81;364;607;603;56;1856;512;3393;461;6724;3376;3357;5620;6094;6123;6132;3790;3180;2479;2285;1522;1358;3264;4212;6330;15261;14383;5167;1927;1035;461;39704;2792;862;223;78;226;217;56;27;3;903;158;9;1;6320;461;27116;2614;12066;10244;1678;5660;10601;9141;5448;3607;321;518;1243;939;456;318;241;744;1200;1032;725;235
307;Bruck an der Leitha;41883;35224;60870;34500;74218;29944;2022;2478;56;255;525;427;111;1644;382;3666;373;3344;3193;3091;4233;5239;5294;4364;2674;2693;2228;2691;1556;1283;3736;3933;4724;11619;11383;3792;1501;822;373;31868;1644;526;207;56;98;65;18;18;0;670;65;6;2;6267;373;19890;2425;9437;10131;2545;4808;7894;7422;4411;2864;117;246;605;516;295;243;122;297;744;715;405;195
308;Gänserndorf;53241;46145;59524;45425;73316;42315;1751;1312;47;201;521;447;47;1374;460;4523;243;6261;4623;4496;5137;6713;6743;5292;2922;2613;2440;2921;1834;1246;3624;4086;6499;16651;15472;4563;1434;669;243;43990;865;290;93;45;76;41;16;7;2;681;59;3;0;6830;243;27358;3658;10100;12125;2783;7740;11560;11027;5595;3610;101;173;491;441;270;275;67;207;408;280;253;97
309;Gmünd;20459;16296;23991;15815;33389;12317;2753;732;13;193;239;252;24;731;294;2510;401;4086;1502;2003;1994;2404;2038;1958;1032;995;645;762;607;433;1361;1024;1995;4954;6152;2675;1454;443;401;14994;590;88;4;13;76;43;5;2;0;436;49;2;0;3756;401;8989;1798;3935;5737;833;2547;3159;3138;1631;1009;281;439;878;710;275;170;68;204;274;133;50;3
310;Hollabrunn;33719;25468;31854;25010;48589;22777;1554;653;26;161;277;325;31;829;439;6546;101;7882;2950;2514;2705;3529;3348;3017;1503;1138;1351;1863;1584;335;3897;1861;2932;7825;9861;4799;1918;525;101;24229;511;68;29;18;102;30;11;4;8;428;40;2;0;8138;101;14040;2670;5489;11520;1333;4763;5653;5435;3316;2277;105;228;489;397;188;147;35;125;256;151;66;20
311;Horn;17116;13788;19336;13451;24965;11537;1325;563;26;117;200;169;18;694;300;2086;81;4270;1546;1500;1545;1667;1705;1237;671;661;589;857;592;276;1236;871;1548;4014;4900;2458;1425;583;81;12819;417;91;18;22;43;29;4;4;4;306;41;1;0;3236;81;6966;1537;3706;4907;595;2201;2829;2906;1712;1294;72;131;393;390;197;142;31;105;201;123;88;15
312;Korneuburg;40641;35299;53822;34584;68082;30965;1800;1788;31;148;482;373;44;1336;315;3226;133;3834;2700;2621;3596;4928;5359;5338;3159;2725;1978;2197;1391;815;3232;3289;4750;11706;11506;3575;1603;847;133;32679;1115;442;135;29;86;68;16;12;2;653;66;9;5;5191;133;20338;2451;8796;9056;2210;4795;7506;8320;4977;3157;94;236;539;491;255;185;70;272;467;463;354;162
313;Krems(Land);30375;23474;32316;22950;47402;18761;3158;999;32;378;291;259;30;1012;436;4834;185;5836;1682;2011;2742;3385;3313;3248;1737;1688;1480;1657;1227;369;2567;2219;2748;7552;9159;4055;1491;399;185;21709;825;98;10;28;210;56;7;3;4;497;44;1;0;6698;185;13422;1964;5782;9207;996;2999;4647;4924;3130;2065;159;303;982;924;473;317;79;261;360;198;92;9
314;Lilienfeld;11359;9289;15780;8957;20169;6950;1241;742;24;177;93;133;49;427;132;1135;256;1862;904;1226;1375;1568;1361;928;392;441;347;387;237;331;773;705;1305;3437;3191;1140;395;157;256;8142;576;125;11;24;49;25;5;0;0;296;49;0;0;1801;256;4949;1013;2541;2856;414;1327;1732;1880;972;625;130;206;457;285;101;62;64;204;218;153;92;11
315;Melk;32214;26095;41394;25305;58238;19280;4420;1556;49;288;332;408;54;1192;388;3872;375;3899;1565;2581;3462;4235;4342;3328;1889;1539;1479;1739;1580;576;2275;1314;2435;7627;10543;4381;2399;865;375;23529;1195;220;32;42;171;93;10;6;7;701;107;6;0;5720;375;16219;1450;6867;7678;725;2273;4335;5873;3549;2525;162;384;1256;1380;704;534;92;294;540;418;179;33
316;Mistelbach;45205;37330;45185;36708;59277;34516;1322;840;30;193;374;426;38;1088;456;5794;128;8735;3863;4462;3693;4959;5795;4312;1957;1932;1709;1828;1399;561;3213;2476;4197;11776;14857;6164;1799;595;128;35741;593;158;23;30;97;45;16;5;0;573;62;0;0;7734;128;21654;3199;7656;12696;2030;6638;8286;8603;5141;3818;86;182;414;359;159;122;51;124;255;247;136;27
317;Mödling;38967;34125;71117;33415;86212;27209;2070;4032;104;257;635;435;37;1142;378;2447;221;4592;2546;2245;4758;5551;5031;4743;2515;2180;1624;1502;1223;457;2495;3802;4845;11066;10081;4012;1489;956;221;29124;2727;859;239;100;155;161;30;16;4;631;110;11;5;4574;221;18065;2203;11316;7383;1197;3042;6556;7716;4916;3782;143;215;594;554;264;300;190;515;1104;1228;746;249
318;Neunkirchen;41138;33199;55357;32293;74564;25651;4020;2561;61;400;386;437;66;1331;495;5266;464;5947;3300;4133;4807;5533;4426;3597;2158;2038;1492;1710;1368;629;3778;3636;5539;12003;10036;3588;1509;585;464;29510;1934;406;64;60;161;128;20;9;1;804;127;3;2;7445;464;19052;3176;7806;11104;1775;4996;7100;6070;3522;2188;390;675;1358;949;417;231;254;567;798;605;287;50
319;Sankt Pölten(Land);57566;47413;73035;46470;97940;38333;5119;2961;57;331;489;473;74;1724;669;7036;300;6342;3673;4220;5846;7450;7629;6558;3286;3688;2859;3241;2030;744;5514;3855;6397;16070;16497;5619;2290;1024;300;43228;2305;408;85;52;224;118;28;17;5;846;123;6;0;9821;300;28107;3375;11780;14304;2052;5356;8622;10455;6483;5365;223;489;1460;1487;794;666;168;565;1012;707;408;101
320;Scheibbs;17072;12988;21630;12534;34053;8892;2776;837;29;207;183;241;23;598;218;2876;192;2067;603;1450;1921;2295;2315;1595;956;983;783;1078;753;273;1289;918;1248;3999;5355;2285;1365;421;192;11561;637;131;24;26;107;40;5;0;3;409;57;0;1;3879;192;7949;873;3518;4732;291;914;1718;2647;1964;1358;80;228;650;843;552;423;47;147;326;183;118;16
321;Tulln;52474;43334;64595;42590;87215;37310;2820;2396;64;257;434;433;40;1170;477;6939;134;5484;3650;3249;5286;6590;6525;5519;3400;3411;2860;3544;2302;654;7415;4454;5692;13722;13939;4598;1687;833;134;39933;1713;433;88;61;197;117;33;12;3;688;89;3;0;8970;134;23721;4190;9906;14657;4196;5671;7945;9405;5958;4135;148;263;851;829;388;341;95;393;747;688;366;107
322;Waidhofen an der Thaya;15153;12301;16434;12000;22937;10128;1469;389;14;76;154;183;15;554;251;1774;146;4001;948;1313;1216;1659;1434;1376;798;672;472;661;422;181;926;973;1322;3864;4602;1904;921;495;146;11545;314;57;4;13;52;12;2;0;1;283;19;4;1;2700;146;6768;1266;2752;4367;746;2187;2722;2465;1323;685;123;211;471;437;138;89;29;90;144;87;37;2
323;Wiener Neustadt(Land);36972;31279;45568;30694;60534;25969;3051;1612;62;239;331;305;55;1175;341;3500;332;3443;2100;2838;3749;5685;5557;4290;2064;1924;1447;2055;1271;549;2899;2773;4401;11037;10709;3189;1165;467;332;28942;1283;213;52;62;78;44;13;7;0;556;63;4;0;5323;332;18382;2511;7513;8566;1910;4858;6954;6417;3676;2154;201;377;934;859;401;279;107;331;587;351;199;37
325;Zwettl;22091;16897;23829;16302;35816;12309;3356;622;15;220;224;232;35;957;425;3364;332;3455;1518;1818;2111;2937;2943;2256;1004;1053;835;938;758;465;1172;962;1618;4407;6552;3747;2511;790;332;15539;543;41;3;12;126;29;4;2;3;538;60;0;1;4858;332;9654;1453;4190;6794;798;2183;2814;3161;1965;1388;178;328;951;961;529;409;47;178;276;80;39;2
401;Stadt Linz;24390;21024;122231;20201;161375;8153;2093;9767;188;188;1025;545;142;1472;630;176;11;2309;4239;3435;2813;2350;2417;2467;1246;1052;825;675;505;57;449;1984;2213;4272;8313;4390;1421;1337;11;10089;5431;2293;519;114;157;846;446;232;74;584;304;47;16;3227;11;11156;459;8642;4133;205;1194;2069;2629;1316;740;224;326;751;506;182;104;191;818;2789;3147;2200;622
402;Stadt Steyr;9440;6612;23722;6342;36333;3308;801;2193;40;66;158;179;8;325;215;2147;0;1446;1295;1366;738;790;854;864;380;372;343;505;486;1;1637;674;791;1670;2404;1107;481;676;0;3958;1552;373;61;31;151;155;33;19;9;222;66;3;2;2805;0;4274;144;1713;3309;41;342;694;997;750;484;71;105;265;223;84;53;184;445;609;581;308;66
403;Stadt Wels;13540;9850;34853;9504;56657;5842;1371;2217;74;109;340;274;88;826;272;2124;3;842;916;1587;1529;1492;1377;1772;834;773;697;1042;668;11;1737;2326;2058;2314;2182;1459;722;739;3;7051;1193;523;201;50;162;185;73;42;24;310;76;15;1;3631;3;6474;192;2618;4256;57;549;1597;1948;1099;592;101;245;527;303;129;66;112;344;481;567;484;229
404;Braunau;47636;35190;55281;34396;89197;26241;5588;2515;52;248;461;436;62;1984;607;9403;39;4178;2315;4533;4339;5422;5121;4851;2896;2985;3335;4491;3038;132;6181;2605;3840;10863;15718;5971;1619;800;39;31197;1933;295;44;44;632;198;37;8;8;708;108;3;1;12381;39;25617;751;6214;15054;883;2555;5037;7075;6864;3827;294;699;1757;1460;762;616;204;654;902;485;219;51
405;Eferding;15227;10451;16851;10215;31414;7395;2084;713;23;65;123;156;21;445;152;4049;1;1235;457;1171;1590;2197;1837;1740;878;928;1017;1315;841;21;2348;924;1010;3108;4814;1794;846;382;1;9367;518;114;6;22;112;65;10;0;1;206;43;0;1;4761;1;8011;312;1474;5430;326;645;1342;1996;1886;1200;73;212;578;582;361;278;44;145;272;152;94;6
406;Freistadt;27753;20784;33100;20262;57989;13907;4942;1374;39;197;243;279;57;737;345;5624;9;3032;716;1927;2286;3372;3725;3205;1698;1897;1938;2286;1594;77;2819;1183;1686;5288;9495;3807;2628;838;9;18632;1102;135;15;36;217;108;9;5;3;472;71;2;0;6937;9;16189;557;2796;8211;463;1304;2640;4058;3684;1758;152;380;1307;1364;978;761;83;297;598;273;108;15
407;Gmunden;42781;31789;61934;30803;92756;20152;6905;3653;93;572;444;506;101;1283;483;8510;79;5964;1794;3412;4518;5089;4699;3880;2329;2598;2736;3402;2142;218;5481;3021;4693;11241;11499;4114;1845;808;79;26761;2820;427;108;81;296;227;49;22;12;839;185;8;5;10862;79;20840;1562;7055;13324;889;2497;4105;5855;4417;2389;495;1046;2333;1713;765;553;296;961;1214;686;396;100
408;Grieskirchen;30098;20821;32512;20161;56842;15046;3858;1208;49;198;264;353;56;1058;367;7630;11;3153;1217;2541;2761;3581;3004;3228;1681;2229;2061;2542;1934;166;4167;1516;2065;5976;9820;4030;1714;799;11;18663;903;151;29;43;241;104;17;4;6;587;98;4;2;9235;11;15945;357;3059;10737;384;1340;2631;4244;4022;2425;137;382;1115;1038;623;563;91;275;423;265;124;30
409;Kirchdorf;25918;18308;30899;17654;53758;12333;3614;1660;47;292;254;279;63;1022;344;5995;15;3284;599;1905;2389;3344;3446;2461;1355;1647;1598;2298;1510;82;3754;1786;2127;5403;7280;3065;1738;750;15;15677;1318;173;19;42;270;133;14;3;5;570;105;4;1;7569;15;12254;1069;3463;9132;850;1653;2292;3056;2772;1710;178;397;1053;1017;542;427;115;442;581;368;135;19
410;Linz-Land;44825;37161;79591;36345;104416;25128;6538;4601;78;196;523;501;61;1489;436;5139;135;2785;974;4610;5140;5610;5324;4887;2961;4099;2781;3099;2018;537;3957;2410;4691;11966;13951;4502;1650;1563;135;31449;3159;1063;168;69;217;145;49;17;9;678;152;18;3;7494;135;27935;571;6852;9467;428;2181;5833;8603;5499;2584;339;909;2480;1717;694;399;206;911;1264;1210;826;184
411;Perg;27870;20045;33648;19511;58040;13540;4440;1479;52;181;251;315;43;695;329;6497;48;2512;865;1858;2351;3020;3846;3084;1718;2012;2053;2793;1662;96;3848;1428;1904;5355;9020;3651;1898;718;48;17768;1136;217;24;48;212;82;15;5;4;479;80;2;0;7750;48;15420;762;3230;8458;348;1221;2614;3921;3306;2130;112;365;1208;1205;834;716;88;311;548;336;173;23
412;Ried;26017;19770;32431;19246;47657;14266;3556;1373;51;195;348;352;38;1031;366;4408;33;3364;1045;2266;2328;2925;2642;2499;1400;1691;1960;2252;1530;115;2261;1337;2277;6240;8751;3541;985;592;33;17634;1010;216;25;47;188;95;25;2;4;484;70;4;0;6180;33;14897;359;3232;7529;313;1243;2661;4166;3564;2319;217;416;994;931;557;441;96;260;470;351;175;21
413;Rohrbach;26408;19069;29080;18476;54961;12316;4990;1127;43;237;231;243;47;796;353;6018;7;3215;768;1627;2223;3297;3351;3063;1463;1535;1772;2354;1630;110;3080;1171;1374;4372;9641;4447;1694;622;7;17108;973;68;6;37;198;75;4;1;6;526;85;2;0;7312;7;13588;688;3419;8713;526;1339;2123;3365;3091;1872;178;382;1273;1408;954;795;99;314;456;197;60;1
414;Schärding;25232;18878;28855;18396;44665;13528;3740;1097;31;208;267;285;48;924;345;4715;44;2724;1207;2402;2477;3080;2709;2443;1385;1434;1772;1988;1535;76;2215;1221;2011;5692;9041;3606;967;435;44;17112;870;135;14;29;156;64;8;6;2;440;50;5;0;6297;44;14285;380;2949;7618;441;1309;2295;3419;3422;2642;241;454;1013;969;599;464;109;298;364;204;104;18
415;Steyr-Land;24653;19502;31157;18865;48173;13607;3770;1451;37;193;196;262;40;883;270;3924;20;3102;660;1880;2527;3208;2954;2507;1393;1512;1511;2102;1257;40;2477;1422;2037;5922;7866;2745;1480;684;20;17179;1188;141;16;32;198;94;12;0;5;577;76;0;0;5115;20;14359;484;3366;6444;563;1496;2967;4171;2931;1479;195;413;1127;1070;587;378;86;347;559;326;122;11
416;Urfahr-Umgebung;34478;27519;44783;27022;72916;19506;5280;2180;56;165;238;241;32;690;351;5705;34;2205;702;1793;3460;5033;5217;4261;1982;2219;2348;3252;1853;153;3868;1654;2453;7622;11839;4203;2067;738;34;24547;1797;232;18;50;239;106;25;2;6;436;87;4;1;6894;34;19448;789;5544;8697;831;1732;3620;6066;4704;2553;154;469;1531;1553;859;714;93;449;808;590;220;20
417;Vöcklabruck;56046;43684;77781;42405;114153;29624;8478;4224;79;538;612;625;79;2011;619;9067;90;5358;2388;5313;5727;6653;6455;5252;3249;3610;3781;4446;3157;657;6187;3067;4958;13744;17602;6565;2637;1196;90;37623;3338;465;96;71;479;263;51;11;8;1100;204;12;3;12232;90;30645;2395;7788;15218;1126;3004;5421;7991;7515;4567;410;1041;2572;2280;1171;1004;302;1036;1536;911;353;86
418;Wels-Land;30240;23172;36996;22687;59371;17392;3612;1647;36;112;346;220;45;1285;318;5205;22;2586;734;2356;2599;3531;3623;3504;1920;2622;2262;2610;1782;111;3350;1383;2287;7067;9976;3336;1633;1186;22;20828;1305;207;36;34;176;75;16;8;2;426;73;6;2;7024;22;18344;329;3298;8269;340;1449;3438;5692;4267;2206;141;380;1190;1028;467;406;120;328;596;409;168;26
501;Salzburg(Stadt);22597;20231;91845;19119;103867;9024;2430;7430;235;312;880;478;35;570;374;760;69;2209;2297;3766;3518;2694;2307;1438;909;805;896;713;336;709;990;2119;2530;5626;5173;3585;1652;853;69;11333;4996;1265;613;213;121;349;111;96;22;883;361;22;9;2134;69;10815;364;8075;3343;265;1122;2456;2643;1567;971;264;490;905;452;211;108;454;1305;2177;1713;1274;507
502;Hallein;18088;15156;31939;14566;45144;9254;3074;2195;43;323;188;223;37;621;206;1890;34;1607;896;1774;1934;2500;2331;2148;1222;1151;1004;852;573;96;1290;1527;1977;4983;5288;2144;553;292;34;12208;1695;230;66;39;120;159;35;10;4;512;97;9;3;2867;34;11205;281;2496;4106;429;1115;2145;2533;2066;966;234;556;1129;662;307;186;172;619;741;405;212;46
503;Salzburg-Umgebung;50795;43455;82356;41914;115184;28354;8093;5358;109;597;612;582;78;1440;505;4818;249;3140;1729;4229;5236;7090;7005;7028;3260;3110;3168;3122;1977;701;3903;4297;5354;13993;14935;5189;1988;887;249;36006;4436;524;85;100;441;234;54;25;9;1314;256;9;4;7049;249;30877;1062;9096;9760;957;2952;6526;7875;6577;3467;511;1259;2932;2060;828;503;364;1437;1939;1107;449;62
504;St. Johann im Pongau;25709;20328;50866;18138;75880;10173;4231;3670;64;2125;325;465;143;807;354;3044;308;2040;1152;2457;2701;3929;3422;2935;1477;1636;1377;1414;750;419;2011;1895;2804;7148;6883;3152;1038;470;308;13677;2795;427;137;54;727;245;37;29;10;1863;334;17;6;5043;308;13254;1135;4345;6975;539;1316;2182;2810;2164;1162;419;792;1431;934;408;247;416;1021;1090;691;353;99
505;Tamsweg;8382;6742;10853;6294;15875;4747;1081;450;16;382;94;112;36;256;124;1043;41;754;381;969;973;1154;1022;861;421;445;397;595;314;96;710;519;843;2641;2247;963;290;128;41;5734;349;63;6;16;94;27;4;1;0;390;67;2;1;1587;41;4377;395;1441;2169;164;539;953;1496;963;632;104;162;333;235;126;121;40;117;138;102;49;4
506;Zell am See;32595;25721;56421;23701;83865;14795;5203;3561;142;2334;389;495;176;970;401;3986;143;2448;1256;2915;3604;4956;4075;3753;1883;2288;2047;1923;1011;436;2710;2849;4147;9077;8066;3851;1217;535;143;19434;2674;519;115;120;564;195;35;23;22;1809;277;15;3;6647;143;15510;2235;5757;9093;694;1800;3594;3874;2993;1840;444;997;1708;1135;526;393;393;929;1004;712;433;90
601;Graz(Stadt);44844;39589;193232;37966;224952;21576;3229;12922;239;407;1398;906;103;1297;796;1777;194;6597;4059;4722;5271;4431;3604;2995;1873;3354;2006;2105;1690;2137;1673;3508;5442;11155;11922;7131;2209;1610;194;24651;7300;2903;1266;191;154;631;464;358;48;1114;523;107;37;4903;194;21915;970;14537;7422;652;2705;5782;6252;3836;2349;376;582;1114;718;275;164;566;1642;3282;3350;2833;1249
603;Deutschlandsberg;27505;23501;32778;22897;43932;19819;1845;1186;47;316;266;306;54;943;314;2293;116;5051;1042;2336;3051;3408;3285;2807;1598;1343;1052;1168;778;586;1574;2087;3439;8781;8052;2439;673;344;116;21542;955;130;19;43;122;69;11;2;4;565;62;3;1;3861;116;17187;670;2708;6940;1716;3310;4014;5158;3493;2128;190;249;557;470;228;151;106;286;414;276;91;13
606;Graz-Umgebung;62423;52282;81655;51342;112752;42709;4802;3720;111;377;673;528;86;1598;581;7043;195;5615;2042;4118;6363;7985;8077;7416;4440;4020;4031;4764;2735;817;5031;4733;8123;18820;17737;5496;1425;863;195;47309;2952;499;90;103;202;128;34;17;8;829;153;8;3;9893;195;39412;1075;7882;14054;2110;5785;10391;12607;7761;4055;359;648;1548;1317;597;333;227;805;1381;811;416;80
610;Leibnitz;38605;31078;45582;30275;66359;25769;2473;1974;59;479;443;463;44;1161;495;5147;98;5305;1679;2950;4088;4930;4463;4163;2271;2154;1899;2450;1861;392;3151;2587;4380;11111;11701;4028;1046;503;98;28077;1585;243;21;58;165;96;21;8;1;738;83;2;0;7409;98;23737;838;2939;11091;1954;3916;5481;6842;4653;2923;171;275;767;639;364;257;126;486;770;390;187;15
611;Leoben;19847;15236;39409;14786;50060;9911;1818;2977;80;268;311;364;63;770;288;2943;54;2892;1992;2230;2266;2321;1779;1574;1054;968;899;1121;676;75;2341;1700;2570;5139;4879;2035;704;425;54;11626;2154;539;92;73;103;149;35;8;7;390;103;3;0;4511;54;9446;495;3833;6073;512;1636;2448;2633;1698;984;205;360;625;369;155;104;207;639;909;775;346;101
612;Liezen;37567;28541;51942;27131;74728;21048;3043;2965;75;1638;415;553;148;1102;464;6004;112;5713;1711;3610;4336;5051;4198;3523;1982;1912;1735;1986;1433;377;4136;3173;4991;10873;9058;3660;1070;494;112;23674;2253;376;72;68;417;207;42;15;7;1292;143;20;2;8867;112;16699;2126;6216;12526;1348;3223;4259;5884;3940;2394;268;547;991;673;319;245;255;606;1032;700;322;50
614;Murau;13277;10870;16017;10492;22202;8509;1268;692;23;637;156;183;35;500;173;1039;62;2124;551;1351;1536;1718;1639;1178;704;568;596;583;450;279;925;1203;1879;4014;3592;1162;295;145;62;9708;574;55;4;21;69;55;4;0;2;353;38;0;0;2332;62;6156;935;2100;4086;540;1248;1770;2512;1553;886;91;164;367;307;180;159;62;170;255;171;33;1
616;Voitsberg;21923;18727;29012;18202;38337;14832;2030;1310;30;197;192;297;36;621;247;2069;62;2436;1253;2912;2830;2935;2554;2176;1242;1042;764;879;706;194;1582;1948;3024;6960;5845;1797;468;237;62;16770;1020;202;12;27;92;63;9;4;3;482;56;3;0;3118;62;13735;453;2306;5429;1243;2549;3363;3929;2390;1358;192;408;699;453;195;83;87;301;504;287;119;12
617;Weiz;35056;29399;45294;28694;63757;22781;3931;1957;25;315;410;473;62;1183;388;3308;223;4255;1433;2864;3663;4790;4661;3718;2101;2076;1735;1988;1357;415;1838;2117;3461;10008;11443;4114;1280;572;223;26547;1522;260;26;23;165;110;34;5;2;616;104;5;0;5414;223;22685;700;3511;8160;1223;3072;4646;6303;4443;3094;247;421;1059;1081;635;488;121;606;648;373;185;24
620;Murtal;26597;21115;41655;20473;53247;15978;2139;2317;39;290;335;485;69;1067;337;3425;116;3543;1744;2723;3349;3289;2810;2484;1572;1367;1193;1170;990;363;2360;2216;3506;7230;7144;2607;919;499;116;17997;1601;493;72;34;120;117;22;12;5;559;96;6;2;5345;116;13671;737;4519;7670;951;2353;3653;4789;2633;1599;251;357;630;504;223;174;98;352;739;704;348;76
621;Bruck-Mürzzuschlag;37400;29360;60229;28403;81716;20868;3554;3902;79;520;480;675;111;1504;474;5168;65;4908;2792;4499;5338;5199;3875;3075;1775;1755;1321;1585;1074;204;3645;3586;5204;10988;8810;3392;1067;643;65;24202;2982;612;84;69;220;174;38;12;10;853;142;9;1;7927;65;19386;1370;5464;11180;1339;3725;5487;5577;3065;1675;417;660;1256;770;295;156;217;778;1512;904;409;82
622;Hartberg-Fürstenfeld;38108;31720;46476;30849;67762;24517;4530;1760;42;475;400;536;57;1257;503;3885;146;5350;1685;3220;3699;5401;5225;3957;2059;2029;1769;1890;1220;604;2031;1679;2697;8891;13294;5959;2581;830;146;28856;1420;178;18;39;191;113;25;6;3;796;92;4;2;6219;146;23873;1087;3552;9596;1335;3511;5253;6375;4606;3437;190;441;1181;1273;839;606;126;461;691;329;134;19
623;Südoststeiermark;37142;30644;42420;29888;59974;25593;2729;1493;73;451;355;469;44;1103;581;4163;88;5868;1556;3106;3580;5141;4947;3926;2100;1883;1513;1746;1417;359;2223;1978;3570;10916;11962;4554;1262;589;88;28168;1219;141;13;65;154;98;19;3;8;671;116;7;2;6370;88;23423;834;2992;9893;1605;4286;5554;6808;4408;2932;99;237;675;826;515;377;107;388;599;292;101;6
701;Innsbruck-Stadt;16882;11527;80539;10932;109757;3169;1222;6372;169;269;568;430;122;622;550;3380;9;2507;1845;1970;2202;1710;1329;1374;797;1050;688;1014;372;24;2769;1093;1375;2681;4143;2966;1117;729;9;4285;3780;1170;452;120;106;518;253;199;49;422;251;33;18;5217;9;4261;256;6650;5715;124;332;676;947;652;438;114;162;395;315;149;87;189;683;1694;1878;1443;485
702;Imst;20254;17764;33194;16609;45454;10206;4061;2289;53;1060;188;252;76;579;298;1126;66;2069;637;1596;2096;2509;2537;2411;1623;1420;1068;1254;654;380;911;768;1958;6189;6867;2531;649;315;66;13905;1966;130;18;48;362;141;22;12;5;1005;164;8;1;2401;66;13242;455;2864;3693;250;1043;1947;3968;1920;1078;196;537;1465;1090;513;260;178;711;856;374;146;24
703;Innsbruck-Land;49072;43084;98933;41447;126033;23556;8866;8855;170;1093;515;519;148;1541;590;3047;172;4275;1817;3960;5758;6671;6778;5660;3637;3321;2553;2515;1400;727;2598;3189;5251;13713;14829;6669;1765;886;172;31955;7497;702;152;150;467;400;79;25;20;1402;324;13;4;5710;172;30125;940;9191;8816;845;2353;5112;8792;4273;2181;485;1261;3066;2482;1045;527;566;2449;3256;1663;768;153
704;Kitzbühel;26748;22570;47971;21078;70381;11927;4983;4105;63;1130;261;355;183;857;266;2594;24;2592;776;2165;3116;3853;3574;2943;1922;1751;1429;1468;771;388;2221;1870;2673;6684;7862;3976;1027;411;24;16510;3308;257;42;49;400;420;60;18;14;1225;273;26;3;4119;24;12458;2604;5123;6563;1094;1615;2030;3254;2151;1783;419;819;1586;1164;524;471;413;1287;1334;741;287;43
705;Kufstein;32622;27312;63398;25894;87461;15073;5510;5254;57;1003;369;513;125;1238;420;2955;105;3090;1301;2914;3908;4201;3652;3658;2379;2245;1853;1960;1069;392;2342;1874;3058;8757;10078;4324;1409;675;105;20080;4106;386;77;47;503;494;152;39;10;1160;247;29;9;5178;105;19322;1246;4811;7243;786;1747;3069;5125;2852;1494;333;836;1889;1467;596;389;405;1409;1700;1085;552;103
706;Landeck;14953;12843;25777;11130;39020;5874;3343;1854;59;1621;207;220;117;414;304;909;31;1447;719;1346;1782;1940;1981;1653;971;1024;779;747;389;175;746;603;1503;4351;4729;2124;580;286;31;8687;1571;110;28;47;530;118;18;9;12;1537;196;7;2;2050;31;8377;542;2872;3162;247;683;1147;2072;1121;604;149;488;1228;884;362;232;177;638;617;273;119;30
707;Lienz;17180;14256;26333;13527;39286;9354;2416;1734;23;594;197;243;53;621;379;1552;14;2696;886;1644;1979;1800;1834;1928;1146;988;804;813;579;83;1213;936;1702;5023;5254;2186;554;298;14;11519;1430;160;16;20;251;102;23;3;3;625;109;6;0;2899;14;8973;482;3382;4343;476;856;1502;3640;1820;1060;100;322;784;703;322;185;130;380;635;389;184;16
708;Reutte;12687;10823;20800;9996;28419;6148;2380;1445;23;738;119;188;66;374;209;972;25;2121;614;1035;1401;1763;1456;1135;717;697;601;655;427;65;684;451;937;3146;4523;2303;446;172;25;8344;1204;96;16;22;184;81;34;14;1;711;113;7;4;1831;25;7075;531;2242;2839;245;948;1396;1940;1022;597;135;389;894;610;223;129;154;504;468;177;123;19
709;Schwaz;26654;22922;50074;21123;69917;11515;5141;4383;84;1560;288;407;142;903;352;1850;29;3025;1181;2126;3021;3319;3134;3127;2069;1948;1377;1483;720;124;1824;1766;2662;7115;7904;3685;1098;571;29;16094;3619;340;34;69;562;311;58;21;15;1557;263;16;6;3660;29;15132;1151;3963;6408;1175;1666;2257;3571;1881;965;311;745;1853;1283;576;373;326;1376;1594;676;351;60
801;Bludenz;23104;19699;40184;18673;56542;11908;3683;2973;109;1256;247;247;82;567;325;1655;52;3695;1090;2269;2777;2819;2631;2205;1526;1149;1067;1070;673;133;1250;1725;2849;7892;6275;2111;586;364;52;15314;2491;251;53;88;277;135;30;13;21;899;146;13;5;3316;52;12679;755;3610;6060;842;1429;2579;4365;1780;913;254;640;1469;845;304;171;324;870;974;538;231;36
802;Bregenz;40262;33449;75215;31964;107454;20659;5506;5696;103;956;494;445;68;1209;583;4497;46;5478;1862;3221;4217;4770;4540;4590;2583;2654;2136;2316;1753;142;3508;2026;3787;11763;11382;5664;1399;687;46;25510;4242;653;135;85;655;513;107;46;18;1244;277;14;1;6716;46;23579;702;5709;10272;801;2351;4370;8158;3237;1742;331;829;1875;1418;659;394;389;1404;1880;1180;691;152
803;Dornbirn;23982;20289;47939;19587;59131;13702;2433;3407;45;173;361;346;33;816;326;2239;101;2281;1234;2453;2867;2717;2434;2499;1784;1305;1364;1434;1110;500;1932;1390;2770;7724;6211;2593;781;480;101;15922;2414;618;91;41;213;194;54;36;4;590;120;12;5;3567;101;15730;192;2939;5121;344;1262;3380;6057;1793;866;207;454;926;587;175;84;183;649;960;945;581;89
804;Feldkirch;32298;29003;58153;28279;85472;20030;4144;4023;82;169;360;385;42;897;394;1637;135;3197;1183;2511;3402;3758;4266;4574;2541;1970;1503;1780;1422;191;1488;1617;3485;11711;9269;3277;826;490;135;23946;3182;481;55;80;228;243;42;20;2;598;147;10;6;3123;135;22364;327;4542;5065;547;1889;4983;9206;2625;780;337;835;1607;938;304;123;289;868;1340;1042;418;66
901;Wien  1.,Innere Stadt;1675;1145;11868;468;13831;11;8;437;12;140;613;155;24;18;91;128;38;1135;56;125;56;15;67;14;1;5;11;23;7;160;139;10;7;30;87;388;599;377;38;18;154;156;68;12;1;16;36;7;0;125;380;151;22;491;38;158;44;946;527;0;2;1;1;0;7;3;0;1;1;1;2;3;10;31;62;189;142
902;Wien  2.,Leopoldstadt;5670;4632;63991;4458;71693;1646;22;2751;39;107;240;106;16;128;168;333;114;1590;294;569;460;283;527;138;144;352;329;223;221;540;917;888;98;107;323;1365;977;881;114;1667;423;1204;915;32;1;6;56;147;7;94;63;26;11;904;114;1065;225;2828;1552;667;708;161;28;21;61;11;5;1;1;1;3;4;22;113;433;1309;870
903;Wien  3.,Landstraße;4062;3368;58395;3136;62778;188;19;2896;33;58;308;104;18;109;121;119;89;1787;404;441;261;136;200;37;28;91;97;129;92;359;143;79;33;51;310;1539;888;930;89;207;560;1470;783;27;0;7;14;62;6;93;99;40;11;594;89;384;33;2916;729;59;58;11;12;7;41;3;2;9;3;2;0;8;25;131;553;1399;780
904;Wien  4.,Wieden;1520;1353;19754;1198;20535;22;6;1162;8;41;156;19;5;12;50;15;24;929;77;166;109;53;40;15;12;3;11;28;6;71;15;1;2;22;119;652;480;205;24;28;338;543;239;8;0;5;18;19;0;36;86;29;4;143;24;130;10;1232;148;3;2;1;1;0;15;1;0;3;1;0;1;5;13;50;217;541;336
905;Wien  5.,Margareten;2176;1995;33658;1878;34744;29;10;1825;14;14;93;30;12;37;40;19;53;1167;245;201;130;100;63;27;14;31;19;21;14;144;18;3;7;27;286;956;463;363;53;39;324;972;469;13;0;8;27;25;1;40;55;22;4;124;53;253;8;1750;165;0;0;2;10;3;14;2;3;1;2;1;1;3;29;132;462;893;306
906;Wien  6.,Mariahilf;1497;1219;18499;1057;19610;28;4;1000;25;34;126;130;5;28;48;26;43;916;61;62;62;83;77;16;6;19;20;10;13;152;90;17;10;20;132;596;415;174;43;31;247;491;230;23;1;6;16;10;2;40;85;40;3;229;43;125;23;1101;248;2;6;1;2;3;14;0;1;1;1;0;1;5;12;59;194;471;259
907;Wien  7.,Neubau;1626;1398;18459;1227;19364;26;26;1163;12;56;123;50;10;25;43;19;73;1105;53;32;51;58;62;24;10;31;20;15;15;150;39;7;6;37;172;642;446;204;73;52;430;503;166;12;0;19;27;18;0;38;93;42;2;151;73;149;16;1299;162;2;5;7;4;0;8;4;3;5;9;5;0;8;44;123;272;510;206
908;Wien  8.,Josefstadt;1181;1022;14433;925;14815;17;7;882;19;27;85;15;7;26;32;22;42;833;44;52;41;49;35;14;3;7;0;1;2;100;31;4;2;28;143;484;338;109;42;22;263;442;157;19;2;5;10;5;0;32;44;21;1;116;42;93;7;954;127;2;1;2;3;1;8;0;0;1;2;0;4;4;17;56;175;419;211
909;Wien  9.,Alsergrund;2006;1684;26268;1534;27375;28;13;1470;23;42;133;30;16;59;114;40;38;1328;147;95;68;58;62;24;4;16;26;15;10;153;40;5;8;22;207;886;526;274;38;40;339;760;312;23;1;9;23;27;0;51;62;34;6;281;38;151;16;1521;318;0;1;1;2;2;22;3;3;3;2;2;0;5;14;74;289;722;366
910;Wien 10.,Favoriten;14526;12820;113334;12546;123242;7024;241;5222;59;123;254;251;42;251;194;645;220;1513;1960;2364;1856;1019;1527;490;283;727;454;633;412;1288;1785;1805;932;1153;1550;3036;2061;1984;220;7264;1288;2156;1519;47;1;15;52;192;12;187;78;21;11;1463;220;5741;595;5427;2763;1889;2450;1179;947;342;217;73;35;68;38;18;9;38;191;634;1314;1905;1140
911;Wien 11.,Simmering;7873;6550;54862;6392;60183;3639;173;2539;41;50;190;122;42;374;114;441;148;622;904;1071;832;688;743;304;130;456;263;346;329;1185;846;950;578;901;774;1184;1179;1313;148;3807;611;1131;716;38;5;8;21;52;3;156;18;4;3;1152;148;2907;288;2702;1976;842;1032;761;623;204;177;24;31;71;33;9;5;19;110;277;673;794;666
912;Wien 12.,Meidling;7455;6520;56073;6261;61475;2662;200;3363;36;61;246;176;12;195;82;253;169;1383;1783;1020;751;410;360;148;119;144;160;281;236;660;853;561;320;465;899;1821;1239;1128;169;2858;1256;1431;557;32;4;15;39;65;4;174;82;17;5;747;169;2360;338;3475;1282;631;1018;493;285;116;119;47;34;58;30;23;8;70;197;528;1067;1133;368
913;Wien 13.,Hietzing;10877;9867;33421;9618;37321;6279;615;2686;38;45;237;102;12;77;188;397;201;1554;2630;1336;1177;999;639;347;205;291;245;341;286;827;1007;788;848;2099;2245;2017;975;697;201;6881;1951;624;79;36;13;15;11;6;2;185;71;4;1;797;201;4758;545;3729;1845;964;1340;948;1240;900;887;44;63;163;173;99;73;55;217;766;928;633;87
914;Wien 14.,Penzing;13649;12461;57869;12216;63570;8348;481;3364;23;64;180;114;15;139;140;519;262;1756;2503;1518;1384;1291;1201;392;401;547;452;530;559;1115;2086;2163;1251;1967;1812;2189;1002;917;262;8823;1470;1302;506;21;6;10;36;40;2;196;45;8;2;920;262;5460;1017;4377;2795;1966;2300;1310;1441;785;546;53;68;160;120;58;22;40;178;620;1088;1063;375
915;Wien 15.,Rudolfsheim-Fünfhaus;3811;2964;42770;2766;45221;222;21;2486;37;38;133;66;29;70;63;559;87;1613;379;177;163;227;128;32;36;62;64;82;61;787;681;30;16;50;444;1361;661;481;87;241;613;1306;504;35;2;10;16;37;2;87;95;26;4;746;87;574;147;2330;760;92;58;12;12;8;40;3;6;4;7;1;0;12;63;302;736;1131;242
916;Wien 16.,Ottakring;7172;6355;58929;6116;61924;2354;132;3600;30;42;142;102;12;155;122;291;190;2036;1023;722;719;486;523;161;90;157;206;206;171;672;853;716;322;464;1089;1928;821;789;190;2483;1192;1704;609;27;3;14;33;48;3;150;73;17;4;622;190;2095;328;3545;1204;789;623;319;284;175;164;11;21;42;30;20;8;34;220;593;1087;1354;312
917;Wien 17.,Hernals;6349;5735;33879;5560;36360;3203;163;2171;23;28;110;66;6;119;62;212;186;1462;938;655;538;436;538;200;137;163;174;237;197;674;1089;891;392;660;991;1401;471;268;186;3363;922;926;265;21;3;13;21;24;2;102;62;16;2;421;186;2098;469;2422;1360;1064;765;440;419;272;243;20;24;34;39;25;21;32;142;375;742;719;161
918;Wien 18.,Währing;4860;4429;31655;4261;33524;1334;237;2657;33;21;113;54;8;55;86;173;89;2030;593;445;342;332;224;82;74;96;75;116;108;343;357;224;119;492;1333;1621;402;223;89;1567;1499;934;177;33;4;18;19;10;0;96;72;10;0;332;89;1315;210;2690;645;248;195;131;207;184;369;2;12;50;71;44;58;22;164;558;881;879;153
919;Wien 19.,Döbling;9553;8388;44732;8094;50523;4018;508;3521;47;114;256;117;18;138;98;491;227;1574;1268;1136;1314;953;718;236;118;252;346;327;343;968;1050;624;392;989;2043;2592;1015;621;227;4520;2136;1112;225;41;6;22;17;9;6;203;95;9;3;922;227;3263;515;3813;1962;741;719;522;556;531;949;27;39;110;117;102;113;25;157;759;1334;1031;215
920;Wien 20.,Brigittenau;2613;2237;47501;2162;49252;122;3;2022;15;20;69;71;18;56;53;113;51;787;308;271;445;225;89;38;14;60;34;26;49;267;229;19;17;18;218;795;524;742;51;125;142;945;876;14;0;3;20;36;1;47;13;10;7;323;51;307;28;1865;413;74;10;13;7;2;16;1;0;0;1;1;0;4;11;72;336;1034;565
921;Wien 21.,Floridsdorf;22172;19624;99833;19282;112636;13349;652;5176;105;105;323;298;42;383;264;1027;448;1478;1976;2139;2543;2116;2477;796;944;1163;1309;1277;1148;2806;2698;3360;2725;3521;2643;2630;2084;2063;448;13986;2101;1952;930;101;15;26;55;112;4;304;52;11;2;2073;448;10592;931;6099;4550;2136;3411;3090;3057;1108;547;75;119;253;149;42;14;78;327;926;1431;1425;989
922;Wien 22.,Donaustadt;35467;31297;119257;30952;140920;25592;646;4654;60;142;388;310;53;486;281;1584;1271;743;4159;2519;2719;3037;3671;2014;1252;2290;2172;2228;2394;6269;3263;6037;4534;6056;4534;4922;2759;2091;1271;26210;1826;1409;1060;49;28;38;60;261;11;336;42;2;5;2859;1271;19891;1496;7717;6363;3046;6332;7378;6132;1797;907;42;107;249;153;63;32;47;260;657;1218;1225;1247
923;Wien 23.,Liesing;17579;15322;62790;14894;71176;10416;873;3554;51;78;483;286;38;677;146;651;326;1232;1380;1810;2459;1926;2525;701;442;770;677;938;805;1914;1229;1807;1648;3180;3017;2636;1831;1905;326;11270;2082;925;424;49;19;28;25;70;2;370;74;4;3;1908;326;8351;704;5002;3522;929;1618;2813;2947;1190;919;84;147;291;204;91;56;84;243;951;1116;676;484
