id,name,total_pop
10101,Eisenstadt,16118
10201,Rust,1933
10301,Breitenbrunn am Neusiedler See,1943
10302,Donnerskirchen,1881
10303,Großhöflein,2078
10304,Hornstein,3323
10305,Klingenbach,1203
10306,Leithaprodersdorf,1258
10307,Mörbisch am See,2181
10308,Müllendorf,1521
10309,Neufeld an der Leitha,3594
10310,Oggau am Neusiedler See,1691
10311,Oslip,1304
10312,Purbach am Neusiedler See,3053
10313,Sankt Margarethen im Burgenland,2720
10314,Schützen am Gebirge,1448
10315,Siegendorf,3228
10316,Steinbrunn,2996
10317,Trausdorf an der Wulka,2143
10318,Wimpassing an der Leitha,1724
10319,Wulkaprodersdorf,1938
10320,Loretto,520
10321,Stotzing,821
10322,Zillingtal,1045
10323,Zagersdorf,1142
10401,Bocksdorf,790
10402,Burgauberg-Neudauberg,1434
10403,Eberau,910
10404,Gerersdorf-Sulz,1028
10405,Güssing,3520
10406,Güttenbach,843
10407,Heiligenbrunn,710
10408,Kukmirn,1985
10409,Neuberg im Burgenland,943
10410,Neustift bei Güssing,444
10411,Olbendorf,1470
10412,Ollersdorf im Burgenland,955
10413,Sankt Michael im Burgenland,1007
10414,Stegersbach,2741
10415,Stinatz,1193
10416,Strem,934
10417,Tobaj,1369
10418,Hackerberg,383
10419,Wörterberg,538
10420,Großmürbisch,232
10421,Inzenhof,336
10422,Kleinmürbisch,227
10423,Tschanigraben,64
10424,Heugraben,233
10425,Rohr im Burgenland,369
10426,Bildein,352
10427,Rauchwart,478
10428,Moschendorf,364
10501,Deutsch Kaltenbrunn,1730
10502,Eltendorf,900
10503,Heiligenkreuz im Lafnitztal,1242
10504,Jennersdorf,4159
10505,Minihof-Liebau,1041
10506,Mogersdorf,1153
10507,Neuhaus am Klausenbach,879
10508,Rudersdorf,2241
10509,Sankt Martin an der Raab,1941
10510,Weichselbaum,712
10511,Königsdorf,784
10512,Mühlgraben,375
10601,Draßburg,1233
10602,Forchtenstein,2800
10603,Hirm,1103
10604,Loipersbach im Burgenland,1214
10605,Marz,2074
10606,Mattersburg,7554
10607,Neudörfl,5015
10608,Pöttelsdorf,754
10609,Pöttsching,3068
10610,Rohrbach bei Mattersburg,2684
10611,Bad Sauerbrunn,2355
10612,Schattendorf,2360
10613,Sieggraben,1253
10614,Sigleß,1183
10615,Wiesen,2792
10616,Antau,846
10617,Baumgarten,922
10618,Zemendorf-Stöttera,1320
10619,Krensdorf,624
10701,Andau,2266
10702,Apetlon,1749
10703,Bruckneudorf,3108
10704,Deutsch Jahrndorf,643
10705,Frauenkirchen,2963
10706,Gattendorf,1518
10707,Gols,3937
10708,Halbturn,1871
10709,Illmitz,2333
10710,Jois,1655
10711,Kittsee,3803
10712,Mönchhof,2191
10713,Neusiedl am See,8885
10714,Nickelsdorf,1843
10715,Pama,1284
10716,Pamhagen,1472
10717,Parndorf,5362
10718,Podersdorf am See,2146
10719,Sankt Andrä am Zicksee,1389
10720,Tadten,1142
10721,Wallern im Burgenland,1624
10722,Weiden am See,2597
10723,Winden am See,1384
10724,Zurndorf,2320
10725,Neudorf,857
10726,Potzneusiedl,679
10727,Edelstal,824
10801,Deutschkreutz,3140
10802,Draßmarkt,1381
10803,Frankenau-Unterpullendorf,1088
10804,Großwarasdorf,1362
10805,Horitschon,1807
10806,Kaisersdorf,595
10807,Kobersdorf,1878
10808,Lackenbach,1161
10809,Lockenhaus,2072
10810,Lutzmannsburg,842
10811,Mannersdorf an der Rabnitz,1783
10812,Markt Sankt Martin,1281
10813,Neckenmarkt,1675
10814,Neutal,1140
10815,Nikitsch,1389
10816,Oberpullendorf,3337
10817,Pilgersdorf,1569
10818,Piringsdorf,824
10819,Raiding,916
10820,Ritzing,911
10821,Steinberg-Dörfl,1308
10822,Stoob,1354
10823,Weppersdorf,1910
10824,Lackendorf,615
10825,Unterfrauenhaid,645
10826,Unterrabnitz-Schwendgraben,615
10827,Weingraben,348
10828,Oberloisdorf,798
10901,Bad Tatzmannsdorf,1658
10902,Bernstein,2159
10903,Deutsch Schützen-Eisenberg,1077
10904,Grafenschachen,1253
10905,Großpetersdorf,3595
10906,Hannersdorf,740
10907,Kemeten,1539
10908,Kohfidisch,1437
10909,Litzelsdorf,1151
10910,Loipersdorf-Kitzladen,1360
10911,Mariasdorf,1136
10912,Markt Allhau,2011
10913,Markt Neuhodis,643
10914,Mischendorf,1442
10915,Oberdorf im Burgenland,978
10916,Oberschützen,2472
10917,Oberwart,8060
10918,Pinkafeld,5890
10919,Rechnitz,3053
10920,Riedlingsdorf,1691
10921,Rotenturm an der Pinka,1447
10922,Schachendorf,743
10923,Stadtschlaining,2050
10924,Unterkohlstätten,970
10925,Unterwart,1013
10926,Weiden bei Rechnitz,786
10927,Wiesfleck,1205
10928,Wolfau,1516
10929,Neustift an der Lafnitz,823
10930,Jabing,720
10931,Badersdorf,286
10932,Schandorf,328
20101,Klagenfurt am Wörthersee,105256
20201,Villach,65749
20302,Dellach,1185
20305,Hermagor-Pressegger See,6905
20306,Kirchbach,2478
20307,Kötschach-Mauthen,3320
20316,St. Stefan im Gailtal,1551
20320,Gitschtal,1228
20321,Lesachtal,1274
20402,Ebenthal in Kärnten,8224
20403,Feistritz im Rosental,2502
20405,Ferlach,7513
20409,Grafenstein,3088
20412,Keutschach am See,2418
20414,Köttmannsdorf,3186
20415,Krumpendorf am Wörthersee,3579
20416,Ludmannsdorf,1812
20417,Maria Rain,2732
20418,Maria Saal,4024
20419,Maria Wörth,1661
20421,Moosburg,4667
20424,Pörtschach am Wörther See,3002
20425,Poggersdorf,3353
20428,St. Margareten im Rosental,1087
20432,Schiefling am Wörthersee,2683
20435,Techelsberg am Wörther See,2212
20441,Zell,587
20442,Magdalensberg,3730
20501,Althofen,4950
20502,Brückl,2734
20503,Deutsch-Griffen,822
20504,Eberstein,1227
20505,Friesach,4852
20506,Glödnitz,835
20508,Gurk,1178
20509,Guttaring,1498
20511,Hüttenberg,1274
20512,Kappel am Krappfeld,1936
20513,Klein St. Paul,1785
20515,Liebenfels,3416
20518,Metnitz,1810
20519,Micheldorf,959
20520,Mölbling,1314
20523,St. Georgen am Längsee,3600
20527,St. Veit an der Glan,12234
20530,Straßburg,1964
20531,Weitensfeld im Gurktal,1982
20534,Frauenstein,3580
20601,Bad Kleinkirchheim,1657
20602,Baldramsdorf,1839
20603,Berg im Drautal,1224
20604,Dellach im Drautal,1626
20605,Großkirchheim,1307
20607,Flattach,1121
20608,Gmünd in Kärnten,2554
20609,Greifenburg,1702
20610,Heiligenblut am Großglockner,959
20611,Irschen,1912
20613,Kleblach-Lind,1161
20616,Lendorf,1779
20618,Mallnitz,771
20619,Malta,1867
20620,Millstatt am See,3464
20622,Mörtschach,816
20624,Mühldorf,1022
20625,Oberdrauburg,1198
20627,Obervellach,2154
20630,Radenthein,5742
20631,Rangersdorf,1700
20632,Rennweg am Katschberg,1650
20633,Sachsenburg,1333
20634,Seeboden am Millstätter See,6706
20635,Spittal an der Drau,15341
20636,Stall,1493
20637,Steinfeld,1996
20638,Trebesing,1143
20639,Weißensee,759
20640,Winklern,1185
20642,Krems in Kärnten,1603
20643,Lurnfeld,2676
20644,Reißeck,2085
20701,Afritz am See,1480
20702,Arnoldstein,7157
20703,Arriach,1333
20705,Bad Bleiberg,2141
20707,Feistritz an der Gail,643
20708,Feld am See,1042
20710,Ferndorf,2013
20711,Finkenstein am Faaker See,9466
20712,Fresach,1239
20713,Hohenthurn,872
20719,Nötsch im Gailtal,2340
20720,Paternion,5778
20721,Rosegg,1910
20722,St. Jakob im Rosental,4357
20723,Stockenboi,1556
20724,Treffen am Ossiacher See,4563
20725,Velden am Wörther See,9183
20726,Weißenstein,2921
20727,Wernberg,5662
20801,Bleiburg,3983
20802,Diex,788
20803,Eberndorf,5989
20804,Eisenkappel-Vellach,2218
20805,Feistritz ob Bleiburg,2241
20806,Gallizien,1791
20807,Globasnitz,1576
20808,Griffen,3391
20810,Neuhaus,1020
20812,Ruden,1499
20813,St. Kanzian am Klopeiner See,4636
20815,Sittersdorf,1947
20817,Völkermarkt,10902
20901,Bad St. Leonhard im Lavanttal,4244
20905,Frantschach-St. Gertraud,2394
20909,Lavamünd,2757
20911,Preitenegg,891
20912,Reichenfels,1700
20913,St. Andrä,9840
20914,St. Georgen im Lavanttal,1915
20918,St. Paul im Lavanttal,3144
20923,Wolfsberg,24961
21001,Albeck,965
21002,Feldkirchen in Kärnten,14528
21003,Glanegg,1780
21004,Gnesau,1034
21005,Himmelberg,2329
21006,Ossiach,724
21007,Reichenau,1695
21008,St. Urban,1639
21009,Steindorf am Ossiacher See,3844
21010,Steuerberg,1573
30101,Krems an der Donau,25473
30201,St. Pölten,59767
30301,Waidhofen an der Ybbs,11062
30401,Wiener Neustadt,49156
30501,Allhartsberg,2218
30502,Amstetten,24008
30503,Ardagger,3604
30504,Aschbach-Markt,3796
30506,Behamberg,3444
30507,Biberbach,2348
30508,Ennsdorf,3303
30509,Ernsthofen,2315
30510,Ertl,1246
30511,Euratsfeld,2805
30512,Ferschnitz,1865
30514,Haag,5851
30515,Haidershofen,3721
30516,Hollenstein an der Ybbs,1685
30517,Kematen an der Ybbs,2698
30520,Neuhofen an der Ybbs,3086
30521,Neustadtl an der Donau,2167
30522,Oed-Oehling,2160
30524,Opponitz,880
30526,St. Georgen am Reith,529
30527,St. Georgen am Ybbsfelde,2807
30529,St. Pantaleon-Erla,2707
30530,St. Peter in der Au,5128
30531,St. Valentin,9356
30532,Seitenstetten,3355
30533,Sonntagberg,3661
30534,Strengberg,2215
30536,Viehdorf,1368
30538,Wallsee-Sindelburg,2225
30539,Weistrach,2455
30541,Winklarn,1861
30542,Wolfsbach,2239
30543,Ybbsitz,3364
30544,Zeillern,1933
30601,Alland,2680
30602,Altenmarkt an der Triesting,2154
30603,Bad Vöslau,12478
30604,Baden,25931
30605,Berndorf,8919
30607,Ebreichsdorf,12003
30608,Enzesfeld-Lindabrunn,4315
30609,Furth an der Triesting,866
30612,Günselsdorf,1734
30613,Heiligenkreuz,1597
30614,Hernstein,1571
30615,Hirtenberg,2614
30616,Klausen-Leopoldsdorf,1672
30618,Kottingbrunn,7451
30620,Leobersdorf,5344
30621,Mitterndorf an der Fischa,3125
30623,Oberwaltersdorf,5290
30625,Pfaffstätten,3502
30626,Pottendorf,7770
30627,Pottenstein,2983
30629,Reisenberg,1749
30631,Schönau an der Triesting,2141
30633,Seibersdorf,1614
30635,Sooß,1077
30636,Tattendorf,1456
30637,Teesdorf,1899
30639,Traiskirchen,18925
30641,Trumau,3724
30645,Weissenbach an der Triesting,1682
30646,Blumau-Neurißhof,1950
30701,Au am Leithaberge,950
30702,Bad Deutsch-Altenburg,1993
30703,Berg,974
30704,Bruck an der Leitha,8687
30706,Enzersdorf an der Fischa,3664
30708,Göttlesbrunn-Arbesthal,1489
30709,Götzendorf an der Leitha,2227
30710,Hainburg a.d. Donau,7038
30711,Haslau-Maria Ellend,2027
30712,Höflein,1232
30713,Hof am Leithaberge,1678
30715,Hundsheim,668
30716,Mannersdorf am Leithagebirge,4274
30718,Petronell-Carnuntum,1260
30719,Prellenkirchen,1705
30721,Rohrau,1666
30722,Scharndorf,1239
30724,Sommerein,2265
30726,Trautmannsdorf an der Leitha,2929
30728,Wolfsthal,1256
30729,Ebergassing,4372
30730,Fischamend,5736
30731,Gramatneusiedl,3700
30732,Himberg,8324
30733,Klein-Neusiedl,921
30734,Lanzendorf,1949
30735,Leopoldsdorf,5613
30736,Maria-Lanzendorf,2264
30737,Moosbrunn,1808
30738,Rauchenwarth,803
30739,Schwadorf,2405
30740,Schwechat,21243
30741,Zwölfaxing,1679
30801,Aderklaa,236
30802,Andlersdorf,159
30803,Angern an der March,3526
30804,Auersthal,2020
30805,Bad Pirawarth,1743
30808,Deutsch-Wagram,9257
30810,Drösing,1119
30811,Dürnkrut,2224
30812,Ebenthal,883
30813,Eckartsau,1370
30814,Engelhartstetten,2208
30817,Gänserndorf,12285
30819,Glinzendorf,360
30821,Groß-Enzersdorf,12088
30822,Großhofen,100
30824,Groß-Schweinbarth,1387
30825,Haringsee,1159
30826,Hauskirchen,1278
30827,Hohenau an der March,2746
30828,Hohenruppersdorf,962
30829,Jedenspeigen,1112
30830,Lassee,3010
30831,Leopoldsdorf im Marchfeld,3027
30834,Mannsdorf an der Donau,341
30835,Marchegg,3113
30836,Markgrafneusiedl,921
30838,Matzen-Raggendorf,3006
30841,Neusiedl an der Zaya,1207
30842,Obersiebenbrunn,1753
30844,Orth an der Donau,2235
30845,Palterndorf-Dobermannsdorf,1331
30846,Parbasdorf,177
30848,Prottes,1443
30849,Raasdorf,725
30850,Ringelsdorf-Niederabsdorf,1286
30852,Schönkirchen-Reyersdorf,2020
30854,Spannberg,984
30856,Strasshof an der Nordbahn,12202
30857,Sulz im Weinviertel,1257
30858,Untersiebenbrunn,1795
30859,Velm-Götzendorf,785
30860,Weikendorf,2068
30863,Zistersdorf,5487
30865,Weiden an der March,997
30902,Amaliendorf-Aalfang,1095
30903,Brand-Nagelberg,1427
30904,Eggern,662
30906,Eisgarn,702
30908,Gmünd,5140
30909,Großdietmanns,2157
30910,Bad Großpertholz,1279
30912,Großschönau,1206
30913,Moorbad Harbach,680
30915,Haugschlag,474
30916,Heidenreichstein,3755
30917,Hirschbach,573
30920,Hoheneich,1344
30921,Kirchberg am Walde,1254
30925,Litschau,2093
30929,Reingers,606
30932,St. Martin,1061
30935,Schrems,5272
30939,Unserfrau-Altweitra,997
30940,Waldenstein,1176
30942,Weitra,2563
31001,Alberndorf im Pulkautal,707
31008,Göllersdorf,3214
31009,Grabern,1732
31014,Guntersdorf,1157
31015,Hadres,1699
31016,Hardegg,1305
31018,Haugsdorf,1591
31019,Heldenberg,1478
31021,Hohenwarth-Mühlbach a.M.,1345
31022,Hollabrunn,12514
31025,Mailberg,560
31026,Maissau,1965
31028,Nappersdorf-Kammersdorf,1191
31033,Pernersdorf,1067
31035,Pulkau,1460
31036,Ravelsbach,1668
31037,Retz,4189
31038,Retzbach,995
31041,Schrattenthal,874
31042,Seefeld-Kadolz,940
31043,Sitzendorf an der Schmida,2205
31051,Wullersdorf,2441
31052,Zellerndorf,2389
31053,Ziersdorf,3349
31101,Altenburg,822
31102,Brunn an der Wild,862
31103,Burgschleinitz-Kühnring,1304
31104,Drosendorf-Zissersdorf,1134
31105,Eggenburg,3509
31106,Gars am Kamp,3473
31107,Geras,1253
31109,Horn,6492
31110,Irnfritz-Messern,1419
31111,Japons,696
31113,Langau,676
31114,Meiseldorf,841
31117,Pernegg,693
31119,Röhrenbach,482
31120,Röschitz,1134
31121,Rosenburg-Mold,863
31123,St. Bernhard-Frauenhofen,1279
31124,Sigmundsherberg,1698
31129,Weitersfeld,1525
31130,Straning-Grafenberg,692
31201,Bisamberg,4875
31202,Enzersfeld im Weinviertel,1867
31203,Ernstbrunn,3316
31204,Großmugl,1613
31205,Großrußbach,2305
31206,Hagenbrunn,2411
31207,Harmannsdorf,4142
31208,Hausleiten,3843
31213,Korneuburg,13805
31214,Langenzersdorf,8194
31215,Leitzersdorf,1147
31216,Leobendorf,5265
31224,Rußbach,1371
31226,Sierndorf,3985
31227,Spillern,2644
31228,Stetteldorf am Wagram,1065
31229,Stetten,1388
31230,Stockerau,17210
31234,Niederhollabrunn,1509
31235,Gerasdorf bei Wien,12158
31301,Aggsbach,615
31302,Albrechtsberg an der Großen Krems,989
31303,Bergern im Dunkelsteinerwald,1309
31304,Dürnstein,816
31308,Grafenegg,3308
31309,Furth bei Göttweig,3003
31310,Gedersdorf,2132
31311,Gföhl,3848
31315,Hadersdorf-Kammern,1975
31319,Jaidhof,1225
31321,Krumau am Kamp,722
31322,Langenlois,7477
31323,Lengenfeld,1393
31324,Lichtenau im Waldviertel,2028
31326,Maria Laach am Jauerling,888
31327,Mautern an der Donau,3375
31330,Mühldorf,1225
31333,Paudorf,2714
31336,Rastenfeld,1573
31337,Rohrendorf bei Krems,2107
31338,Rossatz-Arnsdorf,1046
31340,St. Leonhard am Hornerwald,1118
31343,Senftenberg,1917
31344,Spitz,1526
31346,Straß im Straßertale,1764
31347,Stratzing,883
31350,Weinzierl am Walde,1218
31351,Weißenkirchen in der Wachau,1359
31355,Schönberg am Kamp,1836
31356,Droß,1034
31401,Annaberg,479
31402,Eschenau,1286
31403,Hainfeld,3755
31404,Hohenberg,1396
31405,Kaumberg,1073
31406,Kleinzell,854
31407,Lilienfeld,2618
31408,Mitterbach am Erlaufsee,472
31409,Ramsau,802
31410,Rohrbach an der Gölsen,1531
31411,St. Aegyd am Neuwalde,1791
31412,St. Veit an der Gölsen,3848
31413,Traisen,3385
31414,Türnitz,1845
31502,Artstetten-Pöbring,1263
31503,Bergland,1901
31504,Bischofstetten,1196
31505,Blindenmarkt,2795
31506,Dorfstetten,547
31507,Dunkelsteinerwald,2408
31508,Erlauf,1119
31509,Golling an der Erlauf,1475
31511,Hofamt Priel,1714
31513,Hürm,2011
31514,Kilb,2595
31515,Kirnberg an der Mank,1114
31516,Klein-Pöchlarn,1053
31517,Krummnußbaum,1724
31519,Leiben,1321
31520,Loosdorf,3872
31521,Mank,3346
31522,Marbach an der Donau,1690
31523,Maria Taferl,953
31524,Melk,5725
31525,Münichreith-Laimbach,1610
31527,Neumarkt an der Ybbs,2168
31528,Nöchling,1017
31530,Persenbeug-Gottsdorf,2152
31531,Petzenkirchen,1597
31533,Pöchlarn,3969
31534,Pöggstall,2384
31535,Raxendorf,1010
31537,Ruprechtshofen,2332
31539,St. Leonhard am Forst,3109
31540,St. Martin-Karlsbach,1634
31541,St. Oswald,1140
31542,Schönbühel-Aggsbach,939
31543,Schollach,1082
31546,Weiten,1092
31549,Ybbs an der Donau,5648
31550,Zelking-Matzleinsdorf,1198
31551,Texingtal,1669
31552,Yspertal,2003
31553,Emmersdorf an der Donau,1776
31601,Altlichtenwarth,758
31603,Asparn an der Zaya,1936
31604,Bernhardsthal,1585
31605,Bockfließ,1288
31606,Drasenhofen,1117
31608,Falkenstein,559
31609,Fallbach,794
31611,Gaubitsch,934
31612,Gaweinstal,4124
31613,Gnadendorf,1162
31614,Großebersdorf,2316
31615,Großengersdorf,1549
31616,Großharras,1066
31617,Großkrut,1691
31620,Hausbrunn,898
31621,Herrnbaumgarten,926
31622,Hochleithen,1091
31627,Kreuttal,1467
31628,Kreuzstetten,1696
31629,Laa an der Thaya,6280
31630,Ladendorf,2321
31633,Mistelbach,12044
31634,Neudorf im Weinviertel,1348
31636,Niederleis,927
31642,Pillichsdorf,1249
31644,Poysdorf,5600
31645,Rabensburg,1061
31646,Schrattenberg,842
31649,Staatz,1923
31650,Stronsdorf,1535
31651,Ulrichskirchen-Schleinbach,2653
31652,Unterstinkenbrunn,560
31653,Wildendürnbach,1526
31654,Wilfersdorf,2087
31655,Wolkersdorf im Weinviertel,7544
31658,Ottenthal,529
31701,Achau,1727
31702,Biedermannsdorf,3137
31703,Breitenfurt bei Wien,5998
31704,Brunn am Gebirge,12310
31706,Gaaden,1595
31707,Gießhübl,2433
31709,Gumpoldskirchen,4022
31710,Guntramsdorf,9450
31711,Hennersdorf,1526
31712,Hinterbrühl,3895
31713,Kaltenleutgeben,3299
31714,Laab im Walde,1093
31715,Laxenburg,3091
31716,Maria Enzersdorf,8802
31717,Mödling,20662
31718,Münchendorf,3242
31719,Perchtoldsdorf,14960
31723,Vösendorf,7706
31725,Wiener Neudorf,9647
31726,Wienerwald,2930
31801,Altendorf,357
31802,Aspang-Markt,1804
31803,Aspangberg-St. Peter,1850
31804,Breitenau,1558
31805,Breitenstein,272
31806,Buchbach,354
31807,Edlitz,905
31808,Enzenreith,1942
31809,Feistritz am Wechsel,1029
31810,Gloggnitz,5834
31811,Grafenbach-St. Valentin,2322
31812,Grimmenstein,1335
31813,Grünbach am Schneeberg,1636
31814,Kirchberg am Wechsel,2519
31815,Mönichkirchen,622
31817,Natschbach-Loipersbach,1742
31818,Neunkirchen,12940
31820,Otterthal,537
31821,Payerbach,2103
31823,Pitten,2967
31825,Prigglitz,435
31826,Puchberg am Schneeberg,2701
31827,Raach am Hochgebirge,323
31829,Reichenau an der Rax,2473
31830,St. Corona am Wechsel,396
31831,St. Egyden am Steinfeld,2308
31832,Scheiblingkirchen-Thernberg,1956
31833,Schottwien,669
31834,Schrattenbach,387
31835,Schwarzau am Steinfeld,2187
31836,Schwarzau im Gebirge,620
31837,Seebenstein,1490
31838,Semmering,615
31839,Ternitz,14697
31840,Thomasberg,1233
31841,Trattenbach,514
31842,Bürg-Vöstenhof,158
31843,Warth,1570
31844,Wartmannstetten,1616
31845,Willendorf,993
31846,Wimpassing im Schwarzatale,1637
31847,Würflach,1657
31848,Zöbern,1351
31849,Höflein an der Hohen Wand,886
31901,Altlengbach,3265
31902,Asperhofen,2361
31903,Böheimkirchen,5294
31904,Brand-Laaben,1258
31905,Eichgraben,4794
31906,Frankenfels,1862
31907,Gerersdorf,1082
31909,Hofstetten-Grünau,2693
31910,Hafnerbach,1668
31911,Haunoldstein,1207
31912,Herzogenburg,7990
31913,Inzersdorf-Getzersdorf,1696
31915,Kapelln,1343
31916,Karlstetten,2250
31917,Kasten bei Böheimkirchen,1441
31918,Kirchberg an der Pielach,3117
31919,Kirchstetten,2292
31920,Loich,536
31921,Maria Anzbach,3236
31922,Markersdorf-Haindorf,2038
31923,Michelbach,852
31925,Neidling,1526
31926,Neulengbach,8675
31927,Neustift-Innermanzing,1579
31928,Nußdorf ob der Traisen,1905
31929,Ober-Grafendorf,4990
31930,Obritzberg-Rust,2387
31932,Prinzersdorf,1740
31934,Pyhra,3615
31935,Rabenstein an der Pielach,2488
31938,St. Margarethen an der Sierning,1053
31939,Schwarzenbach an der Pielach,339
31940,Statzendorf,1402
31941,Stössing,852
31943,Traismauer,6481
31945,Weinburg,1409
31946,Perschling,1564
31947,Wilhelmsburg,6557
31948,Wölbling,2436
31949,Gablitz,5172
31950,Mauerbach,3665
31951,Pressbaum,7932
31952,Purkersdorf,9970
31953,Tullnerbach,2938
31954,Wolfsgraben,1805
32001,Gaming,2879
32002,Göstling an der Ybbs,2040
32003,Gresten,1985
32004,Gresten-Land,1493
32005,Lunz am See,1758
32006,Oberndorf an der Melk,3015
32007,Puchenstuben,271
32008,Purgstall an der Erlauf,5359
32009,Randegg,1826
32010,Reinsberg,1040
32011,St. Anton an der Jeßnitz,1132
32012,St. Georgen an der Leys,1310
32013,Scheibbs,4198
32014,Steinakirchen am Forst,2292
32015,Wang,1370
32016,Wieselburg,4850
32017,Wieselburg-Land,3391
32018,Wolfpassing,1767
32101,Absdorf,2503
32104,Atzenbrugg,3493
32106,Fels am Wagram,2547
32107,Grafenwörth,3329
32109,Großriedenthal,975
32110,Großweikersdorf,3366
32112,Judenau-Baumgarten,2378
32114,Kirchberg am Wagram,3840
32115,Königsbrunn am Wagram,1438
32116,Königstetten,2521
32119,Langenrohr,2554
32120,Michelhausen,4373
32131,Sieghartskirchen,7813
32132,Sitzenberg-Reidling,2458
32134,Tulbing,3299
32135,Tulln an der Donau,16951
32139,Würmla,1641
32140,Zeiselmauer-Wolfpassing,2299
32141,Zwentendorf an der Donau,4190
32142,St. Andrä-Wördern,7956
32143,Muckendorf-Wipfing,1688
32144,Klosterneuburg,28152
32202,Dietmanns,1024
32203,Dobersberg,1531
32206,Gastern,1152
32207,Groß-Siegharts,2583
32209,Karlstein an der Thaya,1449
32210,Kautzen,1074
32212,Ludweis-Aigen,882
32214,Pfaffenschlag bei Waidhofen a.d.Thaya,904
32216,Raabs an der Thaya,2623
32217,Thaya,1472
32219,Vitis,2693
32220,Waidhofen an der Thaya,5236
32221,Waidhofen an der Thaya-Land,1287
32222,Waldkirchen an der Thaya,484
32223,Windigsteig,956
32301,Bad Fischau-Brunn,3532
32302,Bad Schönau,738
32304,Ebenfurth,3255
32305,Eggendorf,5096
32306,Bad Erlach,3312
32307,Felixdorf,4575
32308,Gutenstein,1256
32309,Hochneukirchen-Gschaidt,1639
32310,Hochwolkersdorf,982
32311,Hohe Wand,1457
32312,Hollenthon,1014
32313,Katzelsdorf,3162
32314,Kirchschlag in der Buckligen Welt,2767
32315,Krumbach,2398
32316,Lanzenkirchen,4431
32317,Lichtenegg,1056
32318,Lichtenwörth,2947
32319,Markt Piesting,3114
32320,Matzendorf-Hölles,2148
32321,Miesenbach,641
32322,Muggendorf,499
32323,Pernitz,2547
32324,Rohr im Gebirge,425
32325,Bromberg,1164
32326,Schwarzenbach,932
32327,Sollenau,5477
32330,Theresienfeld,4254
32331,Waidmannsfeld,1474
32332,Waldegg,1993
32333,Walpersbach,1230
32334,Weikersdorf am Steinfelde,1112
32335,Wiesmath,1543
32336,Winzendorf-Muthmannsdorf,1859
32337,Wöllersdorf-Steinabrückl,5094
32338,Zillingdorf,2080
32501,Allentsteig,1739
32502,Arbesbach,1580
32503,Bärnkopf,328
32504,Echsenbach,1246
32505,Göpfritz an der Wild,1743
32506,Grafenschlag,833
32508,Groß Gerungs,4459
32509,Großgöttfritz,1317
32511,Gutenbrunn,511
32514,Kirchschlag,621
32515,Kottes-Purk,1436
32516,Langschlag,1716
32517,Martinsberg,1050
32518,Ottenschlag,1015
32519,Altmelon,849
32520,Pölla,915
32521,Rappottenstein,1736
32522,Sallingberg,1256
32523,Schönbach,738
32524,Schwarzenau,1470
32525,Schweiggers,2028
32528,Bad Traunstein,983
32529,Waldhausen,1188
32530,Zwettl-Niederösterreich,10771
40101,Linz,213557
40201,Steyr,38036
40301,Wels,65482
40401,Altheim,5092
40402,Aspach,2662
40403,Auerbach,836
40404,Braunau am Inn,17604
40405,Burgkirchen,2757
40406,Eggelsberg,2959
40407,Feldkirchen bei Mattighofen,2142
40408,Franking,1034
40409,Geretsberg,1193
40410,Gilgenberg am Weilhart,1327
40411,Haigermoos,654
40412,Handenberg,1326
40413,Helpfau-Uttendorf,3788
40414,Hochburg-Ach,3379
40415,Höhnhart,1489
40416,Jeging,796
40417,Kirchberg bei Mattighofen,1316
40418,Lengau,5144
40419,Lochen am See,3019
40420,Maria Schmolln,1473
40421,Mattighofen,7701
40422,Mauerkirchen,2689
40423,Mining,1307
40424,Moosbach,1141
40425,Moosdorf,1727
40426,Munderfing,3104
40427,Neukirchen an der Enknach,2339
40428,Ostermiething,3403
40429,Palting,1294
40430,Perwang am Grabensee,1133
40431,Pfaffstätt,1293
40432,Pischelsdorf am Engelbach,1780
40433,Polling im Innkreis,992
40434,Roßbach,890
40435,St. Georgen am Fillmannsbach,472
40436,St. Johann am Walde,2044
40437,St. Pantaleon,3295
40438,St. Peter am Hart,2575
40439,St. Radegund,701
40440,St. Veit im Innkreis,406
40441,Schalchen,4173
40442,Schwand im Innkreis,1063
40443,Tarsdorf,2123
40444,Treubach,790
40445,Überackern,689
40446,Weng im Innkreis,1457
40501,Alkoven,6172
40502,Aschach an der Donau,2226
40503,Eferding,4367
40504,Fraham,2614
40505,Haibach ob der Donau,1260
40506,Hartkirchen,3919
40507,Hinzenbach,2052
40508,Prambachkirchen,2996
40509,Pupping,1861
40510,St. Marienkirchen an der Polsenz,2348
40511,Scharten,2374
40512,Stroheim,1695
40601,Freistadt,8270
40602,Grünbach,1867
40603,Gutau,2789
40604,Hagenberg im Mühlkreis,3163
40605,Hirschbach im Mühlkreis,1224
40606,Kaltenberg,587
40607,Kefermarkt,2217
40608,Königswiesen,3046
40609,Lasberg,2882
40610,Leopoldschlag,985
40611,Liebenau,1618
40612,Neumarkt im Mühlkreis,3259
40613,Pierbach,1019
40614,Pregarten,5608
40615,Rainbach im Mühlkreis,3018
40616,Sandl,1405
40617,St. Leonhard bei Freistadt,1320
40618,St. Oswald bei Freistadt,3019
40619,Schönau im Mühlkreis,1975
40620,Tragwein,3152
40621,Unterweißenbach,2184
40622,Unterweitersdorf,2197
40623,Waldburg,1464
40624,Wartberg ob der Aist,4489
40625,Weitersfelden,1021
40626,Windhaag bei Freistadt,1586
40627,Bad Zell,2962
40701,Altmünster,9998
40702,Bad Goisern am Hallstättersee,7575
40703,Bad Ischl,14107
40704,Ebensee am Traunsee,7452
40705,Gmunden,13231
40706,Gosau,1865
40707,Grünau im Almtal,2030
40708,Gschwandt,2977
40709,Hallstatt,737
40710,Kirchham,2238
40711,Laakirchen,9766
40712,Obertraun,728
40713,Ohlsdorf,5348
40714,Pinsdorf,4439
40715,Roitham am Traunfall,2140
40716,St. Konrad,1163
40717,St. Wolfgang im Salzkammergut,2880
40718,Traunkirchen,1717
40719,Scharnstein,4897
40720,Vorchdorf,7867
40801,Aistersheim,1013
40802,Bad Schallerbach,4545
40804,Eschenau im Hausruckkreis,1050
40805,Gallspach,2842
40806,Gaspoltshofen,3651
40807,Geboltskirchen,1469
40808,Grieskirchen,5226
40809,Haag am Hausruck,2352
40810,Heiligenberg,723
40811,Hofkirchen an der Trattnach,1696
40812,Kallham,2510
40813,Kematen am Innbach,1403
40814,Meggenhofen,1538
40815,Michaelnbach,1301
40816,Natternbach,2311
40817,Neukirchen am Walde,1670
40818,Neumarkt im Hausruckkreis,1523
40820,Pötting,569
40821,Pollham,1029
40822,Pram,1754
40823,Rottenbach,1153
40824,St. Agatha,2183
40825,St. Georgen bei Grieskirchen,1319
40826,St. Thomas,584
40827,Schlüßlberg,3051
40828,Steegen,1097
40829,Taufkirchen an der Trattnach,1955
40830,Tollet,948
40831,Waizenkirchen,3909
40832,Wallern an der Trattnach,3119
40833,Weibern,1675
40834,Wendling,893
40835,Peuerbach,4689
40901,Edlbach,645
40902,Grünburg,3834
40903,Hinterstoder,860
40904,Inzersdorf im Kremstal,1890
40905,Kirchdorf an der Krems,5011
40906,Klaus an der Pyhrnbahn,1137
40907,Kremsmünster,7041
40908,Micheldorf in Oberösterreich,5976
40909,Molln,3599
40910,Nußbach,2298
40911,Oberschlierbach,476
40912,Pettenbach,5409
40913,Ried im Traunkreis,2951
40914,Rosenau am Hengstpaß,649
40915,Roßleithen,1826
40916,St. Pankraz,376
40917,Schlierbach,2941
40918,Spital am Pyhrn,2304
40919,Steinbach am Ziehberg,887
40920,Steinbach an der Steyr,1961
40921,Vorderstoder,838
40922,Wartberg an der Krems,2934
40923,Windischgarsten,2356
41001,Allhaming,1259
41002,Ansfelden,18271
41003,Asten,7444
41004,Eggendorf im Traunkreis,1161
41005,Enns,12184
41006,Hargelsberg,1455
41007,Hörsching,6571
41008,Hofkirchen im Traunkreis,2085
41009,Kematen an der Krems,3090
41010,Kirchberg-Thening,2540
41011,Kronstorf,3490
41012,Leonding,29244
41013,St. Florian,6318
41014,Neuhofen an der Krems,6865
41015,Niederneukirchen,2090
41016,Oftering,2121
41017,Pasching,7931
41018,Piberbach,2045
41019,Pucking,4187
41020,St. Marien,5240
41021,Traun,25345
41022,Wilhering,6215
41101,Allerheiligen im Mühlkreis,1288
41102,Arbing,1545
41103,Baumgartenberg,1879
41104,Dimbach,996
41105,Grein,2925
41106,Katsdorf,3316
41107,Klam,974
41108,Bad Kreuzen,2372
41109,Langenstein,2574
41110,Luftenberg an der Donau,4329
41111,Mauthausen,4915
41112,Mitterkirchen im Machland,1777
41113,Münzbach,1898
41114,Naarn im Machlande,3859
41115,Pabneukirchen,1693
41116,Perg,9482
41117,Rechberg,1046
41118,Ried in der Riedmark,4394
41119,St. Georgen am Walde,1975
41120,St. Georgen an der Gusen,4459
41121,St. Nikola an der Donau,758
41122,St. Thomas am Blasenstein,949
41123,Saxen,1687
41124,Schwertberg,5476
41125,Waldhausen im Strudengau,2879
41126,Windhaag bei Perg,1540
41201,Andrichsfurt,797
41202,Antiesenhofen,1102
41203,Aurolzmünster,3248
41204,Eberschwang,3532
41205,Eitzing,911
41206,Geiersberg,484
41207,Geinberg,1444
41208,Gurten,1190
41209,Hohenzell,2343
41210,Kirchdorf am Inn,661
41211,Kirchheim im Innkreis,803
41212,Lambrechten,1322
41213,Lohnsburg am Kobernaußerwald,2205
41214,Mehrnbach,2356
41215,Mettmach,2444
41216,Mörschwang,327
41217,Mühlheim am Inn,719
41218,Neuhofen im Innkreis,2529
41219,Obernberg am Inn,1715
41220,Ort im Innkreis,1388
41221,Pattigham,1092
41222,Peterskirchen,661
41223,Pramet,1038
41224,Reichersberg,1666
41225,Ried im Innkreis,12766
41226,St. Georgen bei Obernberg am Inn,526
41227,St. Marienkirchen am Hausruck,904
41228,St. Martin im Innkreis,2218
41229,Schildorn,1230
41230,Senftenbach,789
41231,Taiskirchen im Innkreis,2437
41232,Tumeltsham,1587
41233,Utzenaich,1661
41234,Waldzell,2299
41235,Weilbach,609
41236,Wippenham,574
41304,Altenfelden,2284
41305,Arnreit,1199
41306,Atzesberg,446
41307,Auberg,616
41309,Haslach an der Mühl,2581
41311,Hörbich,421
41312,Hofkirchen im Mühlkreis,1547
41313,Julbach,1528
41314,Kirchberg ob der Donau,1071
41315,Klaffer am Hochficht,1376
41316,Kleinzell im Mühlkreis,1707
41317,Kollerschlag,1542
41318,Lembach im Mühlkreis,1512
41319,Lichtenau im Mühlkreis,481
41320,Nebelberg,641
41321,Neufelden,1214
41322,Niederkappel,996
41323,Niederwaldkirchen,1866
41324,Oberkappel,743
41325,Oepping,1555
41326,Peilstein im Mühlviertel,1562
41327,Pfarrkirchen im Mühlkreis,1385
41328,Putzleinsdorf,1546
41329,Neustift im Mühlkreis,1465
41331,St. Johann am Wimberg,1009
41332,St. Martin im Mühlkreis,3805
41333,St. Oswald bei Haslach,521
41334,St. Peter am Wimberg,1790
41336,St. Ulrich im Mühlkreis,719
41337,St. Veit im Mühlkreis,1337
41338,Sarleinsbach,2246
41341,Schwarzenberg am Böhmerwald,576
41342,Ulrichsberg,2858
41343,Aigen-Schlägl,3282
41344,Rohrbach-Berg,5291
41345,Helfenberg,1552
41346,St. Stefan-Afiesl,1094
41401,Altschwendt,721
41402,Andorf,5221
41403,Brunnenthal,2080
41404,Diersbach,1522
41405,Dorf an der Pram,1088
41406,Eggerding,1378
41407,Engelhartszell,906
41408,Enzenkirchen,1780
41409,Esternberg,2849
41410,Freinberg,1531
41411,Kopfing im Innkreis,1965
41412,Mayrhof,329
41413,Münzkirchen,2575
41414,Raab,2324
41415,Rainbach im Innkreis,1576
41416,Riedau,2012
41417,St. Aegidi,1569
41418,St. Florian am Inn,3225
41419,St. Marienkirchen bei Schärding,2029
41420,St. Roman,1776
41421,St. Willibald,1074
41422,Schärding,5595
41423,Schardenberg,2472
41424,Sigharting,892
41425,Suben,1722
41426,Taufkirchen an der Pram,2963
41427,Vichtenstein,615
41428,Waldkirchen am Wesen,1155
41429,Wernstein am Inn,1534
41430,Zell an der Pram,1955
41501,Adlwang,2166
41502,Aschach an der Steyr,2302
41503,Bad Hall,5868
41504,Dietach,3460
41505,Gaflenz,1961
41506,Garsten,6674
41507,Großraming,2636
41508,Laussa,1240
41509,Losenstein,1678
41510,Maria Neustift,1633
41511,Pfarrkirchen bei Bad Hall,2359
41512,Reichraming,1670
41513,Rohr im Kremstal,1494
41514,St. Ulrich bei Steyr,3235
41515,Schiedlberg,1317
41516,Sierning,9867
41517,Ternberg,3390
41518,Waldneukirchen,2279
41521,Wolfern,3389
41522,Weyer,3995
41601,Alberndorf in der Riedmark,4214
41602,Altenberg bei Linz,4835
41603,Bad Leonfelden,4434
41604,Eidenberg,2141
41605,Engerwitzdorf,9099
41606,Feldkirchen an der Donau,5580
41607,Gallneukirchen,6747
41608,Goldwörth,750
41609,Gramastetten,5137
41610,Haibach im Mühlkreis,973
41611,Hellmonsödt,2428
41612,Herzogsdorf,2741
41613,Kirchschlag bei Linz,2247
41614,Lichtenberg,2904
41615,Oberneukirchen,3254
41616,Ottenschlag im Mühlkreis,588
41617,Ottensheim,4748
41618,Puchenau,4695
41619,Reichenau im Mühlkreis,1355
41620,Reichenthal,1553
41621,St. Gotthard im Mühlkreis,1321
41622,Schenkenfelden,1619
41623,Sonnberg im Mühlkreis,1115
41624,Steyregg,5005
41626,Walding,4290
41627,Zwettl an der Rodl,1807
41628,Vorderweißenbach,2758
41701,Ampflwang im Hausruckwald,3441
41702,Attersee am Attersee,1672
41703,Attnang-Puchheim,9289
41704,Atzbach,1205
41705,Aurach am Hongar,1873
41706,Berg im Attergau,1148
41707,Desselbrunn,1951
41708,Fornach,1004
41709,Frankenburg am Hausruck,4965
41710,Frankenmarkt,3868
41711,Gampern,3123
41712,Innerschwand am Mondsee,1288
41713,Lenzing an der Ager,5252
41714,Manning,799
41715,Mondsee,3940
41716,Neukirchen an der Vöckla,2617
41717,Niederthalheim,1156
41718,Nußdorf am Attersee,1132
41719,Oberhofen am Irrsee,1730
41720,Oberndorf bei Schwanenstadt,1385
41721,Oberwang,1771
41722,Ottnang am Hausruck,4111
41723,Pfaffing,1521
41724,Pilsbach,680
41725,Pitzenberg,576
41726,Pöndorf,2433
41727,Puchkirchen am Trattberg,1092
41728,Pühret,666
41729,Redleiten,529
41730,Redlham,1649
41731,Regau,7200
41732,Rüstorf,2304
41733,Rutzenham,291
41734,St. Georgen im Attergau,4935
41735,St. Lorenz,2648
41736,Schlatt,1413
41737,Schörfling am Attersee,3519
41738,Schwanenstadt,4800
41739,Seewalchen am Attersee,5741
41740,Steinbach am Attersee,910
41741,Straß im Attergau,1542
41742,Tiefgraben,4189
41743,Timelkam,5913
41744,Ungenach,1459
41745,Unterach am Attersee,1561
41746,Vöcklabruck,12989
41747,Vöcklamarkt,5192
41748,Weißenkirchen im Attergau,950
41749,Weyregg am Attersee,1630
41750,Wolfsegg am Hausruck,1997
41751,Zell am Moos,1665
41752,Zell am Pettenfirst,1274
41801,Aichkirchen,622
41802,Bachmanning,725
41803,Bad Wimsbach-Neydharting,2509
41804,Buchkirchen,4106
41805,Eberstalzell,2913
41806,Edt bei Lambach,2366
41807,Fischlham,1381
41808,Gunskirchen,6513
41809,Holzhausen,1167
41810,Krenglbach,3260
41811,Lambach,3912
41812,Marchtrenk,14815
41813,Neukirchen bei Lambach,996
41814,Offenhausen,1697
41815,Pennewang,1059
41816,Pichl bei Wels,2952
41817,Sattledt,2755
41818,Schleißheim,1439
41819,Sipbachzell,2254
41820,Stadl-Paura,5307
41821,Steinerkirchen an der Traun,2458
41822,Steinhaus,2775
41823,Thalheim bei Wels,5559
41824,Weißkirchen an der Traun,3570
50101,Salzburg,157659
50201,Abtenau,6008
50202,Adnet,3793
50203,Annaberg-Lungötz,2230
50204,Golling an der Salzach,4510
50205,Hallein,21654
50206,Krispl,863
50207,Kuchl,7512
50208,Oberalm,4392
50209,Puch bei Hallein,4919
50210,Rußbach am Paß Gschütt,772
50211,St. Koloman,1819
50212,Scheffau am Tennengebirge,1512
50213,Bad Vigaun,2131
50301,Anif,4425
50302,Anthering,3733
50303,Bergheim,5717
50304,Berndorf bei Salzburg,1776
50305,Bürmoos,5052
50306,Dorfbeuern,1605
50307,Ebenau,1458
50308,Elixhausen,3141
50309,Elsbethen,5453
50310,Eugendorf,7134
50311,Faistenau,3143
50312,Fuschl am See,1731
50313,Göming,767
50314,Grödig,7376
50315,Großgmain,2728
50316,Hallwang,4270
50317,Henndorf am Wallersee,5166
50318,Hintersee,472
50319,Hof bei Salzburg,3625
50320,Köstendorf,2742
50321,Koppl,3714
50322,Lamprechtshausen,4108
50323,Mattsee,3538
50324,Neumarkt am Wallersee,6657
50325,Nußdorf am Haunsberg,2552
50326,Oberndorf bei Salzburg,6058
50327,Obertrum am See,5036
50328,Plainfeld,1291
50329,St. Georgen bei Salzburg,3227
50330,St. Gilgen,4042
50331,Schleedorf,1144
50332,Seeham,2035
50335,Straßwalchen,8194
50336,Strobl,3748
50337,Thalgau,6229
50338,Wals-Siezenheim,14413
50339,Seekirchen am Wallersee,11708
50401,Altenmarkt im Pongau,4705
50402,Bad Hofgastein,6677
50403,Bad Gastein,4009
50404,Bischofshofen,10743
50405,Dorfgastein,1745
50406,Eben im Pongau,2682
50407,Filzmoos,1507
50408,Flachau,3106
50409,Forstau,561
50410,Goldegg,2736
50411,Großarl,3843
50412,Hüttau,1490
50413,Hüttschlag,885
50414,Kleinarl,832
50415,Mühlbach am Hochkönig,1403
50416,Pfarrwerfen,2614
50417,Radstadt,5043
50418,St. Johann im Pongau,11643
50419,St. Martin am Tennengebirge,1777
50420,St. Veit im Pongau,3944
50421,Schwarzach im Pongau,3541
50422,Untertauern,450
50423,Wagrain,3177
50424,Werfen,3092
50425,Werfenweng,1105
50501,Göriach,339
50502,Lessach,542
50503,Mariapfarr,2507
50504,Mauterndorf,1591
50505,Muhr,490
50506,Ramingstein,1060
50507,St. Andrä im Lungau,768
50508,St. Margarethen im Lungau,778
50509,St. Michael im Lungau,3527
50510,Tamsweg,5784
50511,Thomatal,331
50512,Tweng,246
50513,Unternberg,1024
50514,Weißpriach,297
50515,Zederhaus,1176
50601,Bramberg am Wildkogel,4121
50602,Bruck an der Großglocknerstraße,4920
50603,Dienten am Hochkönig,723
50604,Fusch an der Großglocknerstraße,746
50605,Hollersbach im Pinzgau,1230
50606,Kaprun,3158
50607,Krimml,821
50608,Lend,1288
50609,Leogang,3582
50610,Lofer,2107
50611,Maishofen,3667
50612,Maria Alm am Steinernen Meer,2265
50613,Mittersill,5723
50614,Neukirchen am Großvenediger,2685
50615,Niedernsill,2860
50616,Piesendorf,3863
50617,Rauris,3084
50618,Saalbach-Hinterglemm,2881
50619,Saalfelden am Steinernen Meer,17299
50620,St. Martin bei Lofer,1218
50621,Stuhlfelden,1554
50622,Taxenbach,2828
50623,Unken,2034
50624,Uttendorf,3064
50625,Viehhofen,598
50626,Wald im Pinzgau,1132
50627,Weißbach bei Lofer,416
50628,Zell am See,10227
60101,Graz,305314
60305,Frauental an der Laßnitz,3170
60318,Lannach,3670
60323,Pölfing-Brunn,1561
60324,Preding,1896
60326,Sankt Josef (Weststeiermark),1675
60329,Sankt Peter im Sulmtal,1271
60341,Wettmannstätten,1649
60344,Deutschlandsberg,11757
60345,Eibiswald,6154
60346,Groß Sankt Florian,4090
60347,Sankt Martin im Sulmtal,3000
60348,Sankt Stefan ob Stainz,3671
60349,Bad Schwanberg,4421
60350,Stainz,8783
60351,Wies,4297
60608,Feldkirchen bei Graz,7299
60611,Gössendorf,4220
60613,Gratkorn,8279
60617,Hart bei Graz,5533
60618,Haselsdorf-Tobelbad,1610
60619,Hausmannstätten,3803
60623,Kainbach bei Graz,2883
60624,Kalsdorf bei Graz,9010
60626,Kumberg,3947
60628,Laßnitzhöhe,2902
60629,Lieboch,5754
60632,Peggau,2432
60639,Sankt Bartholomä,1504
60641,Sankt Oswald bei Plankenwarth,1260
60642,Sankt Radegund bei Graz,2156
60645,Semriach,3143
60646,Stattegg,3029
60647,Stiwoll,691
60648,Thal,2541
60651,Übelbach,2068
60653,Vasoldsberg,4789
60654,Weinitzen,2751
60655,Werndorf,2956
60656,Wundschuh,1684
60659,Deutschfeistritz,4432
60660,Dobl-Zwaring,3798
60661,Eggersdorf bei Graz,7329
60662,Fernitz-Mellach,4951
60663,Frohnleiten,6690
60664,Gratwein-Straßengel,12799
60665,Hitzendorf,7398
60666,Nestelbach bei Graz,2734
60667,Raaba-Grambach,5060
60668,Sankt Marein bei Graz,3752
60669,Seiersberg-Pirka,12289
60670,Premstätten,7178
61001,Allerheiligen bei Wildon,1615
61002,Arnfels,960
61007,Empersdorf,1394
61008,Gabersdorf,1310
61012,Gralla,2876
61013,Großklein,2232
61016,Heimschuh,1997
61017,Hengsberg,1574
61019,Kitzeck im Sausal,1175
61020,Lang,1373
61021,Lebring-Sankt Margarethen,2260
61024,Oberhaag,2021
61027,Ragnitz,1647
61030,Sankt Andrä-Höch,1730
61032,Sankt Johann im Saggautal,1961
61033,Sankt Nikolai im Sausal,2345
61043,Tillmitsch,3959
61045,Wagna,6524
61049,Ehrenhausen an der Weinstraße,2410
61050,Gamlitz,3144
61051,Gleinstätten,2811
61052,Heiligenkreuz am Waasen,2928
61053,Leibnitz,13517
61054,Leutschach an der Weinstraße,3535
61055,Sankt Georgen an der Stiefing,1614
61057,Schwarzautal,2361
61059,Wildon,5745
61060,Sankt Veit in der Südsteiermark,4426
61061,Straß in Steiermark,6535
61101,Eisenerz,3362
61105,Kalwang,1040
61106,Kammern im Liesingtal,1671
61107,Kraubath an der Mur,1339
61108,Leoben,24561
61109,Mautern in Steiermark,1656
61110,Niklasdorf,2346
61111,Proleb,1553
61112,Radmer,474
61113,Sankt Michael in Obersteiermark,3027
61114,Sankt Peter-Freienstein,2306
61115,Sankt Stefan ob Leoben,1816
61116,Traboch,1417
61118,Vordernberg,945
61119,Wald am Schoberpaß,528
61120,Trofaiach,11030
61203,Aigen im Ennstal,2745
61204,Altaussee,1913
61205,Altenmarkt bei Sankt Gallen,779
61206,Ardning,1308
61207,Bad Aussee,4988
61213,Gröbming,3202
61215,Grundlsee,1181
61217,Haus,2451
61222,Lassing,1684
61236,Ramsau am Dachstein,2910
61243,Selzthal,1476
61247,Trieben,3297
61251,Wildalpen,432
61252,Wörschach,1226
61253,Admont,4910
61254,Aich,1322
61255,Bad Mitterndorf,4964
61256,Gaishorn am See,1356
61257,Irdning-Donnersbachtal,4173
61258,Landl,2474
61259,Liezen,8147
61260,Michaelerberg-Pruggern,1271
61261,Mitterberg-Sankt Martin,1975
61262,Öblarn,1891
61263,Rottenmann,4960
61264,Sankt Gallen,1797
61265,Schladming,6572
61266,Sölk,1461
61267,Stainach-Pürgg,2714
61410,Mühlen,864
61413,Niederwölz,597
61425,St. Peter am Kammersberg,1978
61428,Schöder,865
61437,Krakau,1355
61438,Murau,3330
61439,Neumarkt in der Steiermark,4805
61440,Oberwölz,2917
61441,Ranten,1115
61442,Sankt Georgen am Kreischberg,1666
61443,Sankt Lambrecht,1784
61444,Scheifling,2117
61445,Stadl-Predlitz,1672
61446,Teufenbach-Katsch,1833
61611,Krottendorf-Gaisfeld,2416
61612,Ligist,3232
61615,Mooskirchen,2226
61618,Rosental an der Kainach,1682
61621,Sankt Martin am Wöllmißberg,790
61624,Stallhofen,3257
61625,Voitsberg,9547
61626,Bärnbach,5894
61627,Edelschrott,1640
61628,Geistthal-Södingberg,1425
61629,Hirschegg-Pack,1004
61630,Kainach bei Voitsberg,1510
61631,Köflach,9489
61632,Maria Lankowitz,2703
61633,Söding-Sankt Johann,4357
61701,Albersdorf-Prebuch,2288
61708,Fischbach,1493
61710,Floing,1199
61711,Gasen,848
61716,Markt Hartmannsdorf,2997
61719,Hofstätten an der Raab,2368
61727,Ludersdorf-Wilfersdorf,2581
61728,Miesenbach bei Birkfeld,666
61729,Mitterdorf an der Raab,2140
61730,Mortantsch,2269
61731,Naas,1321
61740,Puch bei Weiz,2049
61741,Ratten,1087
61743,Rettenegg,688
61744,St. Kathrein am Hauenstein,613
61745,Sankt Kathrein am Offenegg,1068
61746,St. Margarethen an der Raab,4199
61748,Sinabelkirchen,4491
61750,Strallegg,1904
61751,Thannhausen,2427
61756,Anger,3992
61757,Birkfeld,4941
61758,Fladnitz an der Teichalm,1799
61759,Gersdorf an der Feistritz,1745
61760,Gleisdorf,11533
61761,Gutenberg,1641
61762,Ilztal,2243
61763,Passail,4366
61764,Pischelsdorf am Kulm,3898
61765,Sankt Ruprecht an der Raab,5681
61766,Weiz,12116
62007,Fohnsdorf,7662
62008,Gaal,1301
62010,Hohentauern,372
62014,Kobenz,2091
62021,Pusterwald,426
62026,Sankt Georgen ob Judenburg,823
62032,Sankt Peter ob Judenburg,1119
62034,Seckau,1326
62036,Unzmarkt-Frauenburg,1274
62038,Zeltweg,6993
62039,Lobmingtal,1820
62040,Judenburg,9607
62041,Knittelfeld,12870
62042,Obdach,3788
62043,Pöls-Oberkurzheim,2762
62044,Pölstal,2515
62045,Sankt Marein-Feistritz,1995
62046,Sankt Margarethen bei Knittelfeld,2666
62047,Spielberg,5351
62048,Weißkirchen in Steiermark,4755
62105,Breitenau am Hochlantsch,1561
62115,Krieglach,5438
62116,Langenwang,3902
62125,Pernegg an der Mur,2572
62128,Sankt Lorenzen im Mürztal,3766
62131,Spital am Semmering,1424
62132,Stanz im Mürztal,1769
62135,Turnau,1553
62138,Aflenz,2445
62139,Bruck an der Mur,15735
62140,Kapfenberg,21907
62141,Kindberg,8149
62142,Mariazell,3547
62143,Mürzzuschlag,7819
62144,Neuberg an der Mürz,2249
62145,Sankt Barbara im Mürztal,6412
62146,Sankt Marein im Mürztal,2879
62147,Thörl,2159
62148,Tragöß-Sankt Katharein,1791
62202,Bad Blumau,1672
62205,Buch-St. Magdalena,2195
62206,Burgau,1087
62209,Ebersdorf,1304
62211,Friedberg,2677
62214,Greinbach,1856
62216,Großsteinbach,1297
62219,Hartberg,6725
62220,Hartberg Umgebung,2216
62226,Lafnitz,1451
62232,Ottendorf an der Rittschein,1612
62233,Pinggau,3081
62235,Pöllauberg,1967
62242,Sankt Jakob im Walde,1021
62244,Sankt Johann in der Haide,2321
62245,Sankt Lorenzen am Wechsel,1416
62247,Schäffern,1342
62256,Stubenberg,2224
62262,Wenigzell,1370
62264,Bad Waltersdorf,3978
62265,Dechantskirchen,2005
62266,Feistritztal,2324
62268,Grafendorf bei Hartberg,3247
62269,Großwilfersdorf,2103
62270,Hartl,2119
62271,Ilz,3842
62272,Kaindorf,3030
62273,Bad Loipersdorf,1823
62274,Neudau,1511
62275,Pöllau,5890
62276,Rohr bei Hartberg,1397
62277,Rohrbach an der Lafnitz,2611
62278,Vorau,4591
62279,Waldbach-Mönichwald,1386
62280,Fürstenfeld,10391
62311,Edelsbach bei Feldbach,1356
62314,Eichkögl,1387
62326,Halbenrain,1696
62330,Jagerberg,1588
62332,Kapfenstein,1499
62335,Klöch,1162
62343,Mettersdorf am Saßbach,1360
62368,Tieschen,1193
62372,Unterlamm,1265
62375,Bad Gleichenberg,5232
62376,Bad Radkersburg,3220
62377,Deutsch Goritz,1779
62378,Fehring,7146
62379,Feldbach,13495
62380,Gnas,5969
62381,Kirchbach-Zerlach,3200
62382,Kirchberg an der Raab,4574
62383,Mureck,3503
62384,Paldau,3142
62385,Pirching am Traubenberg,2513
62386,Riegersburg,4950
62387,Sankt Anna am Aigen,2350
62388,Sankt Peter am Ottersbach,2884
62389,Sankt Stefan im Rosental,3795
62390,Straden,3400
70101,Innsbruck,132499
70201,Arzl im Pitztal,3195
70202,Haiming,4877
70203,Imst,11183
70204,Imsterberg,832
70205,Jerzens,889
70206,Karres,621
70207,Karrösten,721
70208,Längenfeld,4911
70209,Mieming,3946
70210,Mils bei Imst,667
70211,Mötz,1380
70212,Nassereith,2263
70213,Obsteig,1460
70214,Oetz,2411
70215,Rietz,2518
70216,Roppen,1969
70217,St. Leonhard im Pitztal,1450
70218,Sautens,1609
70219,Silz,2625
70220,Sölden,3080
70221,Stams,1574
70222,Tarrenz,2813
70223,Umhausen,3534
70224,Wenns,2160
70301,Absam,7333
70302,Aldrans,2828
70303,Ampass,1829
70304,Axams,6361
70305,Baumkirchen,1261
70306,Birgitz,1478
70307,Ellbögen,1180
70308,Flaurling,1325
70309,Fritzens,2191
70310,Fulpmes,4623
70311,Gnadenwald,858
70312,Götzens,4220
70313,Gries am Brenner,1341
70314,Gries im Sellrain,633
70315,Grinzens,1489
70317,Gschnitz,466
70318,Hatting,1491
70319,Inzing,4146
70320,Kematen in Tirol,3319
70322,Kolsass,1675
70323,Kolsassberg,879
70325,Lans,1195
70326,Leutasch,2550
70328,Mieders,2000
70329,Mils,4720
70331,Mutters,2309
70332,Natters,2167
70333,Navis,2052
70334,Neustift im Stubaital,5002
70335,Oberhofen im Inntal,1953
70336,Obernberg am Brenner,397
70337,Oberperfuss,3155
70338,Patsch,1146
70339,Pettnau,1124
70340,Pfaffenhofen,1308
70342,Polling in Tirol,1384
70343,Ranggen,1141
70344,Reith bei Seefeld,1572
70345,Rinn,1927
70346,Rum,9493
70347,St. Sigmund im Sellrain,177
70348,Scharnitz,1416
70349,Schmirn,870
70350,Schönberg im Stubaital,1074
70351,Seefeld in Tirol,3616
70352,Sellrain,1352
70353,Sistrans,2299
70354,Hall in Tirol,14698
70355,Steinach am Brenner,3661
70356,Telfes im Stubai,1626
70357,Telfs,16439
70358,Thaur,4365
70359,Trins,1391
70360,Tulfes,1739
70361,Unterperfuss,246
70362,Vals,531
70364,Völs,7339
70365,Volders,4624
70366,Wattenberg,793
70367,Wattens,8138
70368,Wildermieming,1017
70369,Zirl,8250
70370,Matrei am Brenner,3561
70401,Aurach bei Kitzbühel,1129
70402,Brixen im Thale,2698
70403,Fieberbrunn,4551
70404,Going am Wilden Kaiser,1980
70405,Hochfilzen,1326
70406,Hopfgarten im Brixental,5847
70407,Itter,1176
70408,Jochberg,1517
70409,Kirchberg in Tirol,5206
70410,Kirchdorf in Tirol,4184
70411,Kitzbühel,8281
70412,Kössen,4602
70413,Oberndorf in Tirol,2378
70414,Reith bei Kitzbühel,1761
70415,St. Jakob in Haus,837
70416,St. Johann in Tirol,9891
70417,St. Ulrich am Pillersee,1949
70418,Schwendt,921
70419,Waidring,2085
70420,Westendorf,3748
70501,Alpbach,2545
70502,Angath,1013
70503,Bad Häring,3008
70504,Brandenberg,1513
70505,Breitenbach am Inn,3563
70506,Brixlegg,3120
70508,Ebbs,5966
70509,Ellmau,2954
70510,Erl,1623
70511,Kirchbichl,6029
70512,Kramsach,5088
70513,Kufstein,20212
70514,Kundl,5001
70515,Langkampfen,4332
70516,Mariastein,463
70517,Münster,3600
70518,Niederndorf,2912
70519,Niederndorferberg,726
70520,Radfeld,2542
70521,Rattenberg,462
70522,Reith im Alpbachtal,2867
70523,Rettenschöss,565
70524,Scheffau am Wilden Kaiser,1542
70525,Schwoich,2643
70526,Söll,3781
70527,Thiersee,3176
70528,Angerberg,1968
70529,Walchsee,2198
70530,Wildschönau,4405
70531,Wörgl,14412
70601,Faggen,397
70602,Fendels,291
70603,Fiss,1056
70604,Fließ,3105
70605,Flirsch,1009
70606,Galtür,789
70607,Grins,1391
70608,Ischgl,1635
70609,Kappl,2548
70610,Kaunerberg,456
70611,Kaunertal,632
70612,Kauns,549
70613,Ladis,548
70614,Landeck,7711
70615,Nauders,1561
70616,Pettneu am Arlberg,1450
70617,Pfunds,2585
70618,Pians,799
70619,Prutz,1879
70620,Ried im Oberinntal,1354
70621,St. Anton am Arlberg,2319
70622,Schönwies,1766
70623,See,1249
70624,Serfaus,1212
70625,Spiss,97
70626,Stanz bei Landeck,584
70627,Strengen,1197
70628,Tobadill,500
70629,Tösens,748
70630,Zams,3613
70701,Abfaltersbach,646
70702,Ainet,914
70703,Amlach,528
70704,Anras,1210
70705,Assling,1730
70706,Außervillgraten,715
70707,Dölsach,2319
70708,Gaimberg,865
70709,Hopfgarten in Defereggen,661
70710,Innervillgraten,905
70711,Iselsberg-Stronach,612
70712,Kals am Großglockner,1111
70713,Kartitsch,759
70714,Lavant,347
70715,Leisach,731
70716,Lienz,12107
70717,Matrei in Osttirol,4619
70718,Nikolsdorf,865
70719,Nußdorf-Debant,3415
70720,Oberlienz,1485
70721,Obertilliach,669
70723,Prägraten am Großvenediger,1134
70724,St. Jakob in Defereggen,821
70725,St. Johann im Walde,295
70726,St. Veit in Defereggen,616
70727,Schlaiten,469
70728,Sillian,2028
70729,Strassen,809
70731,Thurn,646
70732,Tristach,1500
70733,Untertilliach,213
70734,Virgen,2241
70735,Heinfels,1026
70801,Bach,658
70802,Berwang,630
70803,Biberwier,665
70804,Bichlbach,794
70805,Breitenwang,1440
70806,Ehenbichl,839
70807,Ehrwald,2620
70808,Elbigenalp,882
70809,Elmen,394
70810,Forchach,258
70811,Grän,639
70812,Gramais,43
70813,Häselgehr,696
70814,Heiterwang,555
70815,Hinterhornbach,89
70816,Höfen,1287
70817,Holzgau,386
70818,Jungholz,299
70819,Kaisers,71
70820,Lechaschau,2074
70821,Lermoos,1155
70822,Musau,382
70823,Namlos,54
70824,Nesselwängle,465
70825,Pfafflar,93
70826,Pflach,1665
70827,Pinswang,424
70828,Reutte,7308
70829,Schattwald,465
70830,Stanzach,515
70831,Steeg,643
70832,Tannheim,1171
70833,Vils,1517
70834,Vorderhornbach,279
70835,Wängle,999
70836,Weißenbach am Lech,1253
70837,Zöblen,239
70901,Achenkirch,2238
70902,Aschau im Zillertal,1886
70903,Brandberg,383
70904,Bruck am Ziller,1135
70905,Buch in Tirol,2610
70907,Eben am Achensee,3560
70908,Finkenberg,1422
70909,Fügen,4317
70910,Fügenberg,1504
70911,Gallzein,697
70912,Gerlos,792
70913,Gerlosberg,480
70914,Hainzenberg,750
70915,Hart im Zillertal,1682
70916,Hippach,1437
70917,Jenbach,7644
70918,Kaltenbach,1294
70920,Mayrhofen,3979
70921,Pill,1279
70922,Ramsau im Zillertal,1745
70923,Ried im Zillertal,1236
70924,Rohrberg,588
70925,Schlitters,1594
70926,Schwaz,14480
70927,Schwendau,1788
70928,Stans,2244
70929,Steinberg am Rofan,298
70930,Strass im Zillertal,842
70931,Stumm,1916
70932,Stummerberg,869
70933,Terfens,2298
70934,Tux,1913
70935,Uderns,2025
70936,Vomp,5479
70937,Weer,1830
70938,Weerberg,2570
70939,Wiesing,2224
70940,Zell am Ziller,1757
70941,Zellberg,662
80101,Bartholomäberg,2419
80102,Blons,351
80103,Bludenz,15102
80104,Bludesch,2608
80105,Brand,754
80106,Bürs,3447
80107,Bürserberg,617
80108,Dalaas,1627
80109,Fontanella,468
80110,Gaschurn,1570
80111,Innerbraz,1091
80112,Klösterle,667
80113,Lech,1569
80114,Lorüns,305
80115,Ludesch,3696
80116,Nenzing,6528
80117,Nüziders,4957
80118,Raggal,903
80119,St. Anton im Montafon,728
80120,St. Gallenkirch,2222
80121,St. Gerold,396
80122,Schruns,4000
80123,Silbertal,849
80124,Sonntag,624
80125,Stallehr,284
80126,Thüringen,2336
80127,Thüringerberg,745
80128,Tschagguns,2257
80129,Vandans,2828
80201,Alberschwende,3338
80202,Andelsbuch,2705
80203,Au,1905
80204,Bezau,2034
80205,Bildstein,830
80206,Bizau,1113
80207,Bregenz,29476
80208,Buch,598
80209,Damüls,339
80210,Doren,1048
80211,Egg,3774
80212,Eichenberg,419
80213,Fußach,4080
80214,Gaißau,1886
80215,Hard,13639
80216,Hittisau,2068
80217,Höchst,8566
80218,Hörbranz,6731
80219,Hohenweiler,1423
80220,Kennelbach,1860
80221,Krumbach,1110
80222,Langen bei Bregenz,1500
80223,Langenegg,1187
80224,Lauterach,10568
80225,Lingenau,1594
80226,Lochau,6696
80227,Mellau,1303
80228,Mittelberg,5077
80229,Möggers,559
80230,Reuthe,671
80231,Riefensberg,1070
80232,Schnepfau,485
80233,Schoppernau,941
80234,Schröcken,216
80235,Schwarzach,3854
80236,Schwarzenberg,1900
80237,Sibratsgfäll,475
80238,Sulzberg,1854
80239,Warth,184
80240,Wolfurt,8954
80301,Dornbirn,52108
80302,Hohenems,17432
80303,Lustenau,24603
80401,Altach,7198
80402,Düns,445
80403,Dünserberg,154
80404,Feldkirch,36708
80405,Frastanz,6670
80406,Fraxern,768
80407,Göfis,3332
80408,Götzis,12405
80409,Klaus,3073
80410,Koblach,4956
80411,Laterns,703
80412,Mäder,4249
80413,Meiningen,2532
80414,Rankweil,12157
80415,Röns,390
80416,Röthis,2239
80417,Satteins,2799
80418,Schlins,2592
80419,Schnifis,805
80420,Sulz,2712
80421,Übersaxen,622
80422,Viktorsberg,438
80423,Weiler,2297
80424,Zwischenwasser,3419
90101,Wien-Innere Stadt,16281
90201,Wien-Leopoldstadt,112675
90301,Wien-Landstraße,98881
90401,Wien-Wieden,33444
90501,Wien-Margareten,54581
90601,Wien-Mariahilf,31083
90701,Wien-Neubau,31330
90801,Wien-Josefstadt,24242
90901,Wien-Alsergrund,41664
91001,Wien-Favoriten,223190
91101,Wien-Simmering,112149
91201,Wien-Meidling,102393
91301,Wien-Hietzing,56108
91401,Wien-Penzing,99049
91501,Wien-Rudolfsheim-Fünfhaus,75902
91601,Wien-Ottakring,102727
91701,Wien-Hernals,56767
91801,Wien-Währing,51376
91901,Wien-Döbling,76074
92001,Wien-Brigittenau,86950
92101,Wien-Floridsdorf,189551
92201,Wien-Donaustadt,228158
92301,Wien-Liesing,123714