id,name,percent,abs
10101,Eisenstadt,18.31,2951
10201,Rust,21.73,420
10301,Breitenbrunn am Neusiedler See,23.83,463
10302,Donnerskirchen,24.46,460
10303,Großhöflein,22.18,461
10304,Hornstein,20.94,696
10305,Klingenbach,22.19,267
10306,Leithaprodersdorf,18.6,234
10307,Mörbisch am See,24.85,542
10308,Müllendorf,18.87,287
10309,Neufeld an der Leitha,17.89,643
10310,Oggau am Neusiedler See,24.54,415
10311,Oslip,25.08,327
10312,Purbach am Neusiedler See,22.8,696
10313,Sankt Margarethen im Burgenland,22.5,612
10314,Schützen am Gebirge,21.75,315
10315,Siegendorf,19.3,623
10316,Steinbrunn,17.09,512
10317,Trausdorf an der Wulka,22.12,474
10318,Wimpassing an der Leitha,16.59,286
10319,Wulkaprodersdorf,20.74,402
10320,Loretto,22.88,119
10321,Stotzing,19.37,159
10322,Zillingtal,23.16,242
10323,Zagersdorf,21.54,246
10401,Bocksdorf,22.03,174
10402,Burgauberg-Neudauberg,21.62,310
10403,Eberau,28.68,261
10404,Gerersdorf-Sulz,26.56,273
10405,Güssing,23.15,815
10406,Güttenbach,27.4,231
10407,Heiligenbrunn,29.58,210
10408,Kukmirn,25.09,498
10409,Neuberg im Burgenland,26.09,246
10410,Neustift bei Güssing,31.31,139
10411,Olbendorf,27.35,402
10412,Ollersdorf im Burgenland,25.55,244
10413,Sankt Michael im Burgenland,24.73,249
10414,Stegersbach,21.23,582
10415,Stinatz,25.82,308
10416,Strem,24.3,227
10417,Tobaj,25.35,347
10418,Hackerberg,22.45,86
10419,Wörterberg,22.49,121
10420,Großmürbisch,35.78,83
10421,Inzenhof,26.49,89
10422,Kleinmürbisch,25.99,59
10423,Tschanigraben,37.5,24
10424,Heugraben,26.61,62
10425,Rohr im Burgenland,27.37,101
10426,Bildein,23.58,83
10427,Rauchwart,27.82,133
10428,Moschendorf,29.12,106
10501,Deutsch Kaltenbrunn,24.62,426
10502,Eltendorf,27.22,245
10503,Heiligenkreuz im Lafnitztal,24.24,301
10504,Jennersdorf,24.77,1030
10505,Minihof-Liebau,24.98,260
10506,Mogersdorf,22.64,261
10507,Neuhaus am Klausenbach,25.26,222
10508,Rudersdorf,22.27,499
10509,Sankt Martin an der Raab,24.88,483
10510,Weichselbaum,29.07,207
10511,Königsdorf,22.58,177
10512,Mühlgraben,31.47,118
10601,Draßburg,21.01,259
10602,Forchtenstein,22.68,635
10603,Hirm,19.4,214
10604,Loipersbach im Burgenland,20.51,249
10605,Marz,22.9,475
10606,Mattersburg,18.98,1434
10607,Neudörfl,18.17,911
10608,Pöttelsdorf,19.36,146
10609,Pöttsching,22.46,689
10610,Rohrbach bei Mattersburg,21.42,575
10611,Bad Sauerbrunn,19.53,460
10612,Schattendorf,21.91,517
10613,Sieggraben,24.1,302
10614,Sigleß,19.19,227
10615,Wiesen,21.6,603
10616,Antau,20.8,176
10617,Baumgarten,21.15,195
10618,Zemendorf-Stöttera,20,264
10619,Krensdorf,23.24,145
10701,Andau,26.61,603
10702,Apetlon,25.67,449
10703,Bruckneudorf,18.92,588
10704,Deutsch Jahrndorf,23.64,152
10705,Frauenkirchen,23.08,684
10706,Gattendorf,18.18,276
10707,Gols,20.83,820
10708,Halbturn,24.16,452
10709,Illmitz,26.06,608
10710,Jois,22.11,366
10711,Kittsee,15.99,608
10712,Mönchhof,22.18,486
10713,Neusiedl am See,18.08,1606
10714,Nickelsdorf,22.25,410
10715,Pama,19.31,248
10716,Pamhagen,27.04,398
10717,Parndorf,15.72,843
10718,Podersdorf am See,24.79,532
10719,Sankt Andrä am Zicksee,27.43,381
10720,Tadten,27.67,316
10721,Wallern im Burgenland,25.74,418
10722,Weiden am See,21.95,570
10723,Winden am See,21.32,295
10724,Zurndorf,22.28,517
10725,Neudorf,18.67,160
10726,Potzneusiedl,18.85,128
10727,Edelstal,21.97,181
10801,Deutschkreutz,23.66,743
10802,Draßmarkt,23.17,320
10803,Frankenau-Unterpullendorf,27.57,300
10804,Großwarasdorf,30.03,409
10805,Horitschon,25.73,465
10806,Kaisersdorf,21.68,129
10807,Kobersdorf,21.94,412
10808,Lackenbach,24.12,280
10809,Lockenhaus,22.78,472
10810,Lutzmannsburg,26.01,219
10811,Mannersdorf an der Rabnitz,23.39,417
10812,Markt Sankt Martin,21.94,281
10813,Neckenmarkt,23.1,387
10814,Neutal,21.23,242
10815,Nikitsch,25.77,358
10816,Oberpullendorf,21.76,726
10817,Pilgersdorf,26,408
10818,Piringsdorf,23.54,194
10819,Raiding,19.32,177
10820,Ritzing,24.92,227
10821,Steinberg-Dörfl,23.17,303
10822,Stoob,20.97,284
10823,Weppersdorf,20.58,393
10824,Lackendorf,23.74,146
10825,Unterfrauenhaid,24.03,155
10826,Unterrabnitz-Schwendgraben,22.76,140
10827,Weingraben,24.71,86
10828,Oberloisdorf,22.18,177
10901,Bad Tatzmannsdorf,22.62,375
10902,Bernstein,24.73,534
10903,Deutsch Schützen-Eisenberg,27.86,300
10904,Grafenschachen,21.63,271
10905,Großpetersdorf,22.28,801
10906,Hannersdorf,24.73,183
10907,Kemeten,21.57,332
10908,Kohfidisch,25.82,371
10909,Litzelsdorf,23.81,274
10910,Loipersdorf-Kitzladen,18.01,245
10911,Mariasdorf,24.21,275
10912,Markt Allhau,20.79,418
10913,Markt Neuhodis,31.42,202
10914,Mischendorf,26.07,376
10915,Oberdorf im Burgenland,26.48,259
10916,Oberschützen,20.35,503
10917,Oberwart,19.65,1584
10918,Pinkafeld,19.66,1158
10919,Rechnitz,22.93,700
10920,Riedlingsdorf,20.22,342
10921,Rotenturm an der Pinka,21.77,315
10922,Schachendorf,24.36,181
10923,Stadtschlaining,22.73,466
10924,Unterkohlstätten,26.19,254
10925,Unterwart,22.11,224
10926,Weiden bei Rechnitz,25.32,199
10927,Wiesfleck,20.66,249
10928,Wolfau,21.04,319
10929,Neustift an der Lafnitz,19.68,162
10930,Jabing,24.86,179
10931,Badersdorf,25.52,73
10932,Schandorf,27.13,89
20101,Klagenfurt am Wörthersee,18.68,19666
20201,Villach,19,12494
20302,Dellach,22.11,262
20305,Hermagor-Pressegger See,21.81,1506
20306,Kirchbach,22.68,562
20307,Kötschach-Mauthen,21.75,722
20316,St. Stefan im Gailtal,25.79,400
20320,Gitschtal,23.62,290
20321,Lesachtal,20.49,261
20402,Ebenthal in Kärnten,19.81,1629
20403,Feistritz im Rosental,20.86,522
20405,Ferlach,21.02,1579
20409,Grafenstein,18.3,565
20412,Keutschach am See,24.28,587
20414,Köttmannsdorf,20.46,652
20415,Krumpendorf am Wörthersee,21.71,777
20416,Ludmannsdorf,24.28,440
20417,Maria Rain,18.45,504
20418,Maria Saal,22.17,892
20419,Maria Wörth,23.9,397
20421,Moosburg,20.57,960
20424,Pörtschach am Wörther See,23.08,693
20425,Poggersdorf,19.77,663
20428,St. Margareten im Rosental,21.62,235
20432,Schiefling am Wörthersee,23.74,637
20435,Techelsberg am Wörther See,22.92,507
20441,Zell,22.32,131
20442,Magdalensberg,19.33,721
20501,Althofen,20.1,995
20502,Brückl,21.51,588
20503,Deutsch-Griffen,26.52,218
20504,Eberstein,22.17,272
20505,Friesach,22.44,1089
20506,Glödnitz,24.67,206
20508,Gurk,23.85,281
20509,Guttaring,19.96,299
20511,Hüttenberg,25.2,321
20512,Kappel am Krappfeld,19.73,382
20513,Klein St. Paul,21.18,378
20515,Liebenfels,19.61,670
20518,Metnitz,24.25,439
20519,Micheldorf,24.09,231
20520,Mölbling,20.7,272
20523,St. Georgen am Längsee,20.72,746
20527,St. Veit an der Glan,21.07,2578
20530,Straßburg,22.76,447
20531,Weitensfeld im Gurktal,23.16,459
20534,Frauenstein,20.34,728
20601,Bad Kleinkirchheim,25.23,418
20602,Baldramsdorf,20.94,385
20603,Berg im Drautal,23.53,288
20604,Dellach im Drautal,22.14,360
20605,Großkirchheim,20.73,271
20607,Flattach,19.45,218
20608,Gmünd in Kärnten,20.87,533
20609,Greifenburg,21.27,362
20610,Heiligenblut am Großglockner,20.65,198
20611,Irschen,22.18,424
20613,Kleblach-Lind,19.9,231
20616,Lendorf,20.12,358
20618,Mallnitz,29.18,225
20619,Malta,22.17,414
20620,Millstatt am See,24.68,855
20622,Mörtschach,20.71,169
20624,Mühldorf,18.98,194
20625,Oberdrauburg,21.2,254
20627,Obervellach,19.36,417
20630,Radenthein,22.43,1288
20631,Rangersdorf,20.18,343
20632,Rennweg am Katschberg,20.42,337
20633,Sachsenburg,16.73,223
20634,Seeboden am Millstätter See,22.08,1481
20635,Spittal an der Drau,22.18,3403
20636,Stall,21.03,314
20637,Steinfeld,22.24,444
20638,Trebesing,21,240
20639,Weißensee,21.74,165
20640,Winklern,18.73,222
20642,Krems in Kärnten,22.21,356
20643,Lurnfeld,21.08,564
20644,Reißeck,23.17,483
20701,Afritz am See,20.07,297
20702,Arnoldstein,20.36,1457
20703,Arriach,23.26,310
20705,Bad Bleiberg,25.04,536
20707,Feistritz an der Gail,18.04,116
20708,Feld am See,21.88,228
20710,Ferndorf,23.85,480
20711,Finkenstein am Faaker See,20.1,1903
20712,Fresach,23.16,287
20713,Hohenthurn,20.99,183
20719,Nötsch im Gailtal,23.93,560
20720,Paternion,21.7,1254
20721,Rosegg,21.73,415
20722,St. Jakob im Rosental,22.31,972
20723,Stockenboi,21.27,331
20724,Treffen am Ossiacher See,21.19,967
20725,Velden am Wörther See,23.12,2123
20726,Weißenstein,21.6,631
20727,Wernberg,20.4,1155
20801,Bleiburg,20.56,819
20802,Diex,20.18,159
20803,Eberndorf,21.79,1305
20804,Eisenkappel-Vellach,24.48,543
20805,Feistritz ob Bleiburg,19.72,442
20806,Gallizien,22.5,403
20807,Globasnitz,22.72,358
20808,Griffen,20.79,705
20810,Neuhaus,24.31,248
20812,Ruden,21.88,328
20813,St. Kanzian am Klopeiner See,21.7,1006
20815,Sittersdorf,25.68,500
20817,Völkermarkt,21.43,2336
20901,Bad St. Leonhard im Lavanttal,21.09,895
20905,Frantschach-St. Gertraud,21.01,503
20909,Lavamünd,23.72,654
20911,Preitenegg,24.47,218
20912,Reichenfels,24.47,416
20913,St. Andrä,22.05,2170
20914,St. Georgen im Lavanttal,21.04,403
20918,St. Paul im Lavanttal,22.01,692
20923,Wolfsberg,21.17,5284
21001,Albeck,26.01,251
21002,Feldkirchen in Kärnten,20.27,2945
21003,Glanegg,24.61,438
21004,Gnesau,20.02,207
21005,Himmelberg,22.8,531
21006,Ossiach,20.72,150
21007,Reichenau,24.31,412
21008,St. Urban,21.42,351
21009,Steindorf am Ossiacher See,22.48,864
21010,Steuerberg,22.89,360
30101,Krems an der Donau,19.24,4900
30201,St. Pölten,17.07,10203
30301,Waidhofen an der Ybbs,19.17,2121
30401,Wiener Neustadt,15.48,7609
30501,Allhartsberg,17.85,396
30502,Amstetten,18.68,4485
30503,Ardagger,18.59,670
30504,Aschbach-Markt,17.78,675
30506,Behamberg,17.94,618
30507,Biberbach,18.31,430
30508,Ennsdorf,15.5,512
30509,Ernsthofen,19.27,446
30510,Ertl,17.5,218
30511,Euratsfeld,17.04,478
30512,Ferschnitz,17.32,323
30514,Haag,18.66,1092
30515,Haidershofen,19.16,713
30516,Hollenstein an der Ybbs,21.13,356
30517,Kematen an der Ybbs,19.94,538
30520,Neuhofen an der Ybbs,16.79,518
30521,Neustadtl an der Donau,18.32,397
30522,Oed-Oehling,16.57,358
30524,Opponitz,21.59,190
30526,St. Georgen am Reith,19.85,105
30527,St. Georgen am Ybbsfelde,16.96,476
30529,St. Pantaleon-Erla,21.13,572
30530,St. Peter in der Au,17.59,902
30531,St. Valentin,19.56,1830
30532,Seitenstetten,18.18,610
30533,Sonntagberg,19.15,701
30534,Strengberg,18.1,401
30536,Viehdorf,18.79,257
30538,Wallsee-Sindelburg,19.51,434
30539,Weistrach,16.95,416
30541,Winklarn,19.08,355
30542,Wolfsbach,17.82,399
30543,Ybbsitz,20.48,689
30544,Zeillern,16.14,312
30601,Alland,20.45,548
30602,Altenmarkt an der Triesting,19.36,417
30603,Bad Vöslau,18.74,2338
30604,Baden,19.72,5113
30605,Berndorf,18.97,1692
30607,Ebreichsdorf,17.59,2111
30608,Enzesfeld-Lindabrunn,18.93,817
30609,Furth an der Triesting,19.63,170
30612,Günselsdorf,20.93,363
30613,Heiligenkreuz,18.41,294
30614,Hernstein,21.39,336
30615,Hirtenberg,15.07,394
30616,Klausen-Leopoldsdorf,17.52,293
30618,Kottingbrunn,19.69,1467
30620,Leobersdorf,16.93,905
30621,Mitterndorf an der Fischa,12.51,391
30623,Oberwaltersdorf,17.62,932
30625,Pfaffstätten,18.05,632
30626,Pottendorf,16.68,1296
30627,Pottenstein,19.18,572
30629,Reisenberg,20.81,364
30631,Schönau an der Triesting,18.82,403
30633,Seibersdorf,20.38,329
30635,Sooß,19.31,208
30636,Tattendorf,17.17,250
30637,Teesdorf,17.59,334
30639,Traiskirchen,17.23,3261
30641,Trumau,16.65,620
30645,Weissenbach an der Triesting,19.62,330
30646,Blumau-Neurißhof,17.69,345
30701,Au am Leithaberge,19.89,189
30702,Bad Deutsch-Altenburg,18.77,374
30703,Berg,16.63,162
30704,Bruck an der Leitha,18.03,1566
30706,Enzersdorf an der Fischa,18.09,663
30708,Göttlesbrunn-Arbesthal,20.75,309
30709,Götzendorf an der Leitha,18.37,409
30710,Hainburg a.d. Donau,17.77,1251
30711,Haslau-Maria Ellend,17.86,362
30712,Höflein,20.54,253
30713,Hof am Leithaberge,18.41,309
30715,Hundsheim,18.86,126
30716,Mannersdorf am Leithagebirge,18.53,792
30718,Petronell-Carnuntum,20.87,263
30719,Prellenkirchen,19.12,326
30721,Rohrau,17.83,297
30722,Scharndorf,20.82,258
30724,Sommerein,18.28,414
30726,Trautmannsdorf an der Leitha,20.45,599
30728,Wolfsthal,15.53,195
30729,Ebergassing,16.77,733
30730,Fischamend,16.28,934
30731,Gramatneusiedl,14.89,551
30732,Himberg,16.27,1354
30733,Klein-Neusiedl,15.96,147
30734,Lanzendorf,17.14,334
30735,Leopoldsdorf,17.05,957
30736,Maria-Lanzendorf,19.92,451
30737,Moosbrunn,20.63,373
30738,Rauchenwarth,15.19,122
30739,Schwadorf,15.55,374
30740,Schwechat,14.87,3158
30741,Zwölfaxing,18.34,308
30801,Aderklaa,16.95,40
30802,Andlersdorf,22.64,36
30803,Angern an der March,20.5,723
30804,Auersthal,19.41,392
30805,Bad Pirawarth,20.83,363
30808,Deutsch-Wagram,17.04,1577
30810,Drösing,23.59,264
30811,Dürnkrut,20.73,461
30812,Ebenthal,20.72,183
30813,Eckartsau,19.34,265
30814,Engelhartstetten,20.29,448
30817,Gänserndorf,16.41,2016
30819,Glinzendorf,15.56,56
30821,Groß-Enzersdorf,17.09,2066
30822,Großhofen,16,16
30824,Groß-Schweinbarth,19.9,276
30825,Haringsee,21.66,251
30826,Hauskirchen,25.2,322
30827,Hohenau an der March,21.89,601
30828,Hohenruppersdorf,20.79,200
30829,Jedenspeigen,22.84,254
30830,Lassee,17.41,524
30831,Leopoldsdorf im Marchfeld,18.14,549
30834,Mannsdorf an der Donau,21.99,75
30835,Marchegg,18.34,571
30836,Markgrafneusiedl,19.33,178
30838,Matzen-Raggendorf,18.26,549
30841,Neusiedl an der Zaya,23.86,288
30842,Obersiebenbrunn,18.71,328
30844,Orth an der Donau,19.28,431
30845,Palterndorf-Dobermannsdorf,21.49,286
30846,Parbasdorf,16.38,29
30848,Prottes,19.54,282
30849,Raasdorf,15.72,114
30850,Ringelsdorf-Niederabsdorf,26.52,341
30852,Schönkirchen-Reyersdorf,21.34,431
30854,Spannberg,21.34,210
30856,Strasshof an der Nordbahn,15.44,1884
30857,Sulz im Weinviertel,21.96,276
30858,Untersiebenbrunn,19.67,353
30859,Velm-Götzendorf,24.08,189
30860,Weikendorf,22.1,457
30863,Zistersdorf,21.12,1159
30865,Weiden an der March,21.66,216
30902,Amaliendorf-Aalfang,19.73,216
30903,Brand-Nagelberg,24.25,346
30904,Eggern,19.18,127
30906,Eisgarn,21.94,154
30908,Gmünd,22.26,1144
30909,Großdietmanns,21.6,466
30910,Bad Großpertholz,24.32,311
30912,Großschönau,21.56,260
30913,Moorbad Harbach,23.09,157
30915,Haugschlag,22.15,105
30916,Heidenreichstein,22.42,842
30917,Hirschbach,20.42,117
30920,Hoheneich,23.44,315
30921,Kirchberg am Walde,21.37,268
30925,Litschau,27.28,571
30929,Reingers,21.29,129
30932,St. Martin,21.21,225
30935,Schrems,22.46,1184
30939,Unserfrau-Altweitra,19.16,191
30940,Waldenstein,17.09,201
30942,Weitra,20.72,531
31001,Alberndorf im Pulkautal,25.18,178
31008,Göllersdorf,20.66,664
31009,Grabern,18.3,317
31014,Guntersdorf,19.71,228
31015,Hadres,23.96,407
31016,Hardegg,24.21,316
31018,Haugsdorf,22.25,354
31019,Heldenberg,19.28,285
31021,Hohenwarth-Mühlbach a.M.,23.49,316
31022,Hollabrunn,19.93,2494
31025,Mailberg,23.75,133
31026,Maissau,21.63,425
31028,Nappersdorf-Kammersdorf,24.85,296
31033,Pernersdorf,20.81,222
31035,Pulkau,21.85,319
31036,Ravelsbach,20.56,343
31037,Retz,21.7,909
31038,Retzbach,22.71,226
31041,Schrattenthal,20.71,181
31042,Seefeld-Kadolz,27.45,258
31043,Sitzendorf an der Schmida,20.54,453
31051,Wullersdorf,19.09,466
31052,Zellerndorf,23.06,551
31053,Ziersdorf,21.59,723
31101,Altenburg,21.65,178
31102,Brunn an der Wild,20.88,180
31103,Burgschleinitz-Kühnring,23.16,302
31104,Drosendorf-Zissersdorf,22.84,259
31105,Eggenburg,21.4,751
31106,Gars am Kamp,23.67,822
31107,Geras,21.39,268
31109,Horn,20.43,1326
31110,Irnfritz-Messern,19.94,283
31111,Japons,19.97,139
31113,Langau,21.01,142
31114,Meiseldorf,23.07,194
31117,Pernegg,20.06,139
31119,Röhrenbach,24.07,116
31120,Röschitz,20.99,238
31121,Rosenburg-Mold,18.77,162
31123,St. Bernhard-Frauenhofen,22.28,285
31124,Sigmundsherberg,21.91,372
31129,Weitersfeld,24.98,381
31130,Straning-Grafenberg,23.84,165
31201,Bisamberg,18.54,904
31202,Enzersfeld im Weinviertel,18.43,344
31203,Ernstbrunn,20.42,677
31204,Großmugl,19.96,322
31205,Großrußbach,17.96,414
31206,Hagenbrunn,17.88,431
31207,Harmannsdorf,20.09,832
31208,Hausleiten,18.61,715
31213,Korneuburg,17.63,2434
31214,Langenzersdorf,19.89,1630
31215,Leitzersdorf,21.45,246
31216,Leobendorf,20.78,1094
31224,Rußbach,19.62,269
31226,Sierndorf,20.03,798
31227,Spillern,17.21,455
31228,Stetteldorf am Wagram,22.35,238
31229,Stetten,18.01,250
31230,Stockerau,18.7,3219
31234,Niederhollabrunn,19.68,297
31235,Gerasdorf bei Wien,18,2188
31301,Aggsbach,23.58,145
31302,Albrechtsberg an der Großen Krems,21.94,217
31303,Bergern im Dunkelsteinerwald,22,288
31304,Dürnstein,24.26,198
31308,Grafenegg,20.68,684
31309,Furth bei Göttweig,20.48,615
31310,Gedersdorf,23.17,494
31311,Gföhl,20.01,770
31315,Hadersdorf-Kammern,21.27,420
31319,Jaidhof,17.96,220
31321,Krumau am Kamp,25.62,185
31322,Langenlois,19.1,1428
31323,Lengenfeld,21.75,303
31324,Lichtenau im Waldviertel,20.12,408
31326,Maria Laach am Jauerling,20.83,185
31327,Mautern an der Donau,21.6,729
31330,Mühldorf,23.51,288
31333,Paudorf,21.33,579
31336,Rastenfeld,20.92,329
31337,Rohrendorf bei Krems,16.99,358
31338,Rossatz-Arnsdorf,21.51,225
31340,St. Leonhard am Hornerwald,21.82,244
31343,Senftenberg,20.71,397
31344,Spitz,22.02,336
31346,Straß im Straßertale,19.1,337
31347,Stratzing,22.08,195
31350,Weinzierl am Walde,21.26,259
31351,Weißenkirchen in der Wachau,24.36,331
31355,Schönberg am Kamp,23.31,428
31356,Droß,19.73,204
31401,Annaberg,23.8,114
31402,Eschenau,18.12,233
31403,Hainfeld,20.11,755
31404,Hohenberg,20.13,281
31405,Kaumberg,21.53,231
31406,Kleinzell,20.61,176
31407,Lilienfeld,20.7,542
31408,Mitterbach am Erlaufsee,22.03,104
31409,Ramsau,17.58,141
31410,Rohrbach an der Gölsen,20.38,312
31411,St. Aegyd am Neuwalde,22.33,400
31412,St. Veit an der Gölsen,19.96,768
31413,Traisen,19.76,669
31414,Türnitz,22.82,421
31502,Artstetten-Pöbring,17.18,217
31503,Bergland,17.78,338
31504,Bischofstetten,19.9,238
31505,Blindenmarkt,17.96,502
31506,Dorfstetten,19.74,108
31507,Dunkelsteinerwald,21.22,511
31508,Erlauf,18.23,204
31509,Golling an der Erlauf,18.92,279
31511,Hofamt Priel,21.18,363
31513,Hürm,16.21,326
31514,Kilb,20.27,526
31515,Kirnberg an der Mank,19.12,213
31516,Klein-Pöchlarn,20.04,211
31517,Krummnußbaum,18.97,327
31519,Leiben,21.57,285
31520,Loosdorf,20.17,781
31521,Mank,17.78,595
31522,Marbach an der Donau,19.59,331
31523,Maria Taferl,20.36,194
31524,Melk,19.39,1110
31525,Münichreith-Laimbach,20.75,334
31527,Neumarkt an der Ybbs,18.04,391
31528,Nöchling,18.39,187
31530,Persenbeug-Gottsdorf,21.33,459
31531,Petzenkirchen,17.6,281
31533,Pöchlarn,18.64,740
31534,Pöggstall,21.43,511
31535,Raxendorf,21.68,219
31537,Ruprechtshofen,18.05,421
31539,St. Leonhard am Forst,18.88,587
31540,St. Martin-Karlsbach,22.03,360
31541,St. Oswald,18.07,206
31542,Schönbühel-Aggsbach,24.71,232
31543,Schollach,19.13,207
31546,Weiten,21.15,231
31549,Ybbs an der Donau,18.84,1064
31550,Zelking-Matzleinsdorf,19.12,229
31551,Texingtal,17.86,298
31552,Yspertal,19.67,394
31553,Emmersdorf an der Donau,20.89,371
31601,Altlichtenwarth,25.86,196
31603,Asparn an der Zaya,19.21,372
31604,Bernhardsthal,27.63,438
31605,Bockfließ,24.84,320
31606,Drasenhofen,22.11,247
31608,Falkenstein,22.36,125
31609,Fallbach,21.41,170
31611,Gaubitsch,20.77,194
31612,Gaweinstal,20.17,832
31613,Gnadendorf,23.24,270
31614,Großebersdorf,22.75,527
31615,Großengersdorf,20.66,320
31616,Großharras,25.52,272
31617,Großkrut,21.23,359
31620,Hausbrunn,24.05,216
31621,Herrnbaumgarten,23.33,216
31622,Hochleithen,23.19,253
31627,Kreuttal,23.18,340
31628,Kreuzstetten,21.64,367
31629,Laa an der Thaya,20.14,1265
31630,Ladendorf,20.12,467
31633,Mistelbach,20.67,2489
31634,Neudorf im Weinviertel,22.03,297
31636,Niederleis,21.57,200
31642,Pillichsdorf,22.58,282
31644,Poysdorf,21.34,1195
31645,Rabensburg,26.11,277
31646,Schrattenberg,24.7,208
31649,Staatz,24.86,478
31650,Stronsdorf,22.74,349
31651,Ulrichskirchen-Schleinbach,19.71,523
31652,Unterstinkenbrunn,20.18,113
31653,Wildendürnbach,21.82,333
31654,Wilfersdorf,22.33,466
31655,Wolkersdorf im Weinviertel,19.41,1464
31658,Ottenthal,25.9,137
31701,Achau,15.81,273
31702,Biedermannsdorf,21.33,669
31703,Breitenfurt bei Wien,20.11,1206
31704,Brunn am Gebirge,15.89,1956
31706,Gaaden,22.07,352
31707,Gießhübl,15.74,383
31709,Gumpoldskirchen,17.03,685
31710,Guntramsdorf,18.77,1774
31711,Hennersdorf,22.94,350
31712,Hinterbrühl,17.41,678
31713,Kaltenleutgeben,17.82,588
31714,Laab im Walde,22.87,250
31715,Laxenburg,18.57,574
31716,Maria Enzersdorf,15.27,1344
31717,Mödling,17.36,3586
31718,Münchendorf,17.83,578
31719,Perchtoldsdorf,17.75,2656
31723,Vösendorf,16.04,1236
31725,Wiener Neudorf,18.25,1761
31726,Wienerwald,19.83,581
31801,Altendorf,22.13,79
31802,Aspang-Markt,21.23,383
31803,Aspangberg-St. Peter,22.38,414
31804,Breitenau,17.52,273
31805,Breitenstein,22.79,62
31806,Buchbach,18.08,64
31807,Edlitz,22.65,205
31808,Enzenreith,19.98,388
31809,Feistritz am Wechsel,20.99,216
31810,Gloggnitz,20.64,1204
31811,Grafenbach-St. Valentin,20.24,470
31812,Grimmenstein,20.22,270
31813,Grünbach am Schneeberg,20.97,343
31814,Kirchberg am Wechsel,19.09,481
31815,Mönichkirchen,22.67,141
31817,Natschbach-Loipersbach,21.7,378
31818,Neunkirchen,17.33,2242
31820,Otterthal,21.42,115
31821,Payerbach,22.87,481
31823,Pitten,19.14,568
31825,Prigglitz,22.76,99
31826,Puchberg am Schneeberg,21.73,587
31827,Raach am Hochgebirge,21.36,69
31829,Reichenau an der Rax,22.81,564
31830,St. Corona am Wechsel,16.92,67
31831,St. Egyden am Steinfeld,16.98,392
31832,Scheiblingkirchen-Thernberg,20.76,406
31833,Schottwien,18.54,124
31834,Schrattenbach,20.16,78
31835,Schwarzau am Steinfeld,17.65,386
31836,Schwarzau im Gebirge,18.87,117
31837,Seebenstein,19.4,289
31838,Semmering,21.95,135
31839,Ternitz,19.6,2880
31840,Thomasberg,18.65,230
31841,Trattenbach,27.04,139
31842,Bürg-Vöstenhof,19.62,31
31843,Warth,20.76,326
31844,Wartmannstetten,20.79,336
31845,Willendorf,21.25,211
31846,Wimpassing im Schwarzatale,18.27,299
31847,Würflach,20.4,338
31848,Zöbern,23.83,322
31849,Höflein an der Hohen Wand,22.46,199
31901,Altlengbach,18.28,597
31902,Asperhofen,17.75,419
31903,Böheimkirchen,18.11,959
31904,Brand-Laaben,22.58,284
31905,Eichgraben,17.13,821
31906,Frankenfels,19.07,355
31907,Gerersdorf,16.27,176
31909,Hofstetten-Grünau,19.72,531
31910,Hafnerbach,20.8,347
31911,Haunoldstein,17.73,214
31912,Herzogenburg,19.55,1562
31913,Inzersdorf-Getzersdorf,17.22,292
31915,Kapelln,19.43,261
31916,Karlstetten,20.53,462
31917,Kasten bei Böheimkirchen,16.79,242
31918,Kirchberg an der Pielach,18.74,584
31919,Kirchstetten,19.46,446
31920,Loich,18.66,100
31921,Maria Anzbach,19.1,618
31922,Markersdorf-Haindorf,21.2,432
31923,Michelbach,17.84,152
31925,Neidling,19.79,302
31926,Neulengbach,19.79,1717
31927,Neustift-Innermanzing,19.19,303
31928,Nußdorf ob der Traisen,19.74,376
31929,Ober-Grafendorf,20.04,1000
31930,Obritzberg-Rust,19.15,457
31932,Prinzersdorf,17.76,309
31934,Pyhra,18.56,671
31935,Rabenstein an der Pielach,19.49,485
31938,St. Margarethen an der Sierning,20.04,211
31939,Schwarzenbach an der Pielach,20.06,68
31940,Statzendorf,19.47,273
31941,Stössing,20.66,176
31943,Traismauer,18.62,1207
31945,Weinburg,16.47,232
31946,Perschling,18.48,289
31947,Wilhelmsburg,20.18,1323
31948,Wölbling,22.82,556
31949,Gablitz,18.5,957
31950,Mauerbach,20.71,759
31951,Pressbaum,16.7,1325
31952,Purkersdorf,17.71,1766
31953,Tullnerbach,19.67,578
31954,Wolfsgraben,19.5,352
32001,Gaming,21.88,630
32002,Göstling an der Ybbs,20.49,418
32003,Gresten,20.91,415
32004,Gresten-Land,18.42,275
32005,Lunz am See,21.79,383
32006,Oberndorf an der Melk,17.05,514
32007,Puchenstuben,30.63,83
32008,Purgstall an der Erlauf,17.86,957
32009,Randegg,17.74,324
32010,Reinsberg,18.27,190
32011,St. Anton an der Jeßnitz,17.31,196
32012,St. Georgen an der Leys,20.76,272
32013,Scheibbs,20.01,840
32014,Steinakirchen am Forst,18.32,420
32015,Wang,17.52,240
32016,Wieselburg,15.3,742
32017,Wieselburg-Land,17.63,598
32018,Wolfpassing,14.49,256
32101,Absdorf,16.54,414
32104,Atzenbrugg,18.15,634
32106,Fels am Wagram,18.1,461
32107,Grafenwörth,19.44,647
32109,Großriedenthal,22.46,219
32110,Großweikersdorf,19.07,642
32112,Judenau-Baumgarten,17.28,411
32114,Kirchberg am Wagram,18.31,703
32115,Königsbrunn am Wagram,19.26,277
32116,Königstetten,17.93,452
32119,Langenrohr,18.17,464
32120,Michelhausen,14.57,637
32131,Sieghartskirchen,18.87,1474
32132,Sitzenberg-Reidling,19.32,475
32134,Tulbing,19.92,657
32135,Tulln an der Donau,19.04,3228
32139,Würmla,18.16,298
32140,Zeiselmauer-Wolfpassing,18.88,434
32141,Zwentendorf an der Donau,19.24,806
32142,St. Andrä-Wördern,20.7,1647
32143,Muckendorf-Wipfing,20.97,354
32144,Klosterneuburg,17.3,4869
32202,Dietmanns,23.54,241
32203,Dobersberg,21.75,333
32206,Gastern,23.26,268
32207,Groß-Siegharts,23.58,609
32209,Karlstein an der Thaya,22.08,320
32210,Kautzen,25.79,277
32212,Ludweis-Aigen,20.41,180
32214,Pfaffenschlag bei Waidhofen a.d.Thaya,20.35,184
32216,Raabs an der Thaya,23.9,627
32217,Thaya,20.24,298
32219,Vitis,19.31,520
32220,Waidhofen an der Thaya,21.83,1143
32221,Waidhofen an der Thaya-Land,16.78,216
32222,Waldkirchen an der Thaya,29.34,142
32223,Windigsteig,20.92,200
32301,Bad Fischau-Brunn,19.28,681
32302,Bad Schönau,22.36,165
32304,Ebenfurth,14.41,469
32305,Eggendorf,18.49,942
32306,Bad Erlach,17.51,580
32307,Felixdorf,17.14,784
32308,Gutenstein,19.43,244
32309,Hochneukirchen-Gschaidt,20.44,335
32310,Hochwolkersdorf,21.38,210
32311,Hohe Wand,21.89,319
32312,Hollenthon,23.67,240
32313,Katzelsdorf,20.9,661
32314,Kirchschlag in der Buckligen Welt,21.9,606
32315,Krumbach,18.56,445
32316,Lanzenkirchen,17.81,789
32317,Lichtenegg,17.61,186
32318,Lichtenwörth,18.97,559
32319,Markt Piesting,19.78,616
32320,Matzendorf-Hölles,17.6,378
32321,Miesenbach,21.84,140
32322,Muggendorf,19.84,99
32323,Pernitz,18.61,474
32324,Rohr im Gebirge,20.94,89
32325,Bromberg,21.31,248
32326,Schwarzenbach,21.89,204
32327,Sollenau,17.69,969
32330,Theresienfeld,13.33,567
32331,Waidmannsfeld,24.76,365
32332,Waldegg,18.21,363
32333,Walpersbach,18.94,233
32334,Weikersdorf am Steinfelde,21.4,238
32335,Wiesmath,21.91,338
32336,Winzendorf-Muthmannsdorf,19.31,359
32337,Wöllersdorf-Steinabrückl,16.02,816
32338,Zillingdorf,19.76,411
32501,Allentsteig,22.2,386
32502,Arbesbach,19.3,305
32503,Bärnkopf,25.91,85
32504,Echsenbach,21.43,267
32505,Göpfritz an der Wild,21.06,367
32506,Grafenschlag,17.89,149
32508,Groß Gerungs,21.31,950
32509,Großgöttfritz,20.5,270
32511,Gutenbrunn,22.5,115
32514,Kirchschlag,20.29,126
32515,Kottes-Purk,23.19,333
32516,Langschlag,21.39,367
32517,Martinsberg,22.76,239
32518,Ottenschlag,22.17,225
32519,Altmelon,20.02,170
32520,Pölla,24.26,222
32521,Rappottenstein,20.33,353
32522,Sallingberg,19.67,247
32523,Schönbach,21.54,159
32524,Schwarzenau,21.09,310
32525,Schweiggers,18.74,380
32528,Bad Traunstein,20.55,202
32529,Waldhausen,21.13,251
32530,Zwettl-Niederösterreich,22.49,2422
40101,Linz,15.7,33538
40201,Steyr,18.47,7026
40301,Wels,16.34,10698
40401,Altheim,20.17,1027
40402,Aspach,17.28,460
40403,Auerbach,15.31,128
40404,Braunau am Inn,18.73,3298
40405,Burgkirchen,19.37,534
40406,Eggelsberg,16.73,495
40407,Feldkirchen bei Mattighofen,19.51,418
40408,Franking,20.31,210
40409,Geretsberg,18.44,220
40410,Gilgenberg am Weilhart,21.25,282
40411,Haigermoos,17.74,116
40412,Handenberg,17.35,230
40413,Helpfau-Uttendorf,17.42,660
40414,Hochburg-Ach,19.3,652
40415,Höhnhart,17.93,267
40416,Jeging,16.08,128
40417,Kirchberg bei Mattighofen,19,250
40418,Lengau,18.1,931
40419,Lochen am See,17.65,533
40420,Maria Schmolln,17.79,262
40421,Mattighofen,14.65,1128
40422,Mauerkirchen,17.7,476
40423,Mining,19.74,258
40424,Moosbach,16.3,186
40425,Moosdorf,20.32,351
40426,Munderfing,18.43,572
40427,Neukirchen an der Enknach,17.44,408
40428,Ostermiething,18.63,634
40429,Palting,17.08,221
40430,Perwang am Grabensee,15.62,177
40431,Pfaffstätt,16.32,211
40432,Pischelsdorf am Engelbach,17.58,313
40433,Polling im Innkreis,19.05,189
40434,Roßbach,21.69,193
40435,St. Georgen am Fillmannsbach,16.53,78
40436,St. Johann am Walde,21.58,441
40437,St. Pantaleon,19.39,639
40438,St. Peter am Hart,18.29,471
40439,St. Radegund,19.97,140
40440,St. Veit im Innkreis,20.44,83
40441,Schalchen,18.5,772
40442,Schwand im Innkreis,16.46,175
40443,Tarsdorf,20.82,442
40444,Treubach,17.72,140
40445,Überackern,24.82,171
40446,Weng im Innkreis,18.05,263
40501,Alkoven,17.61,1087
40502,Aschach an der Donau,17.97,400
40503,Eferding,16.99,742
40504,Fraham,17.18,449
40505,Haibach ob der Donau,19.44,245
40506,Hartkirchen,22,862
40507,Hinzenbach,18.66,383
40508,Prambachkirchen,19.29,578
40509,Pupping,20.9,389
40510,St. Marienkirchen an der Polsenz,20.32,477
40511,Scharten,19.17,455
40512,Stroheim,19.35,328
40601,Freistadt,18.33,1516
40602,Grünbach,19.44,363
40603,Gutau,20.87,582
40604,Hagenberg im Mühlkreis,17.42,551
40605,Hirschbach im Mühlkreis,19.44,238
40606,Kaltenberg,18.91,111
40607,Kefermarkt,19.26,427
40608,Königswiesen,19.93,607
40609,Lasberg,19.54,563
40610,Leopoldschlag,22.74,224
40611,Liebenau,21.14,342
40612,Neumarkt im Mühlkreis,20.41,665
40613,Pierbach,18.84,192
40614,Pregarten,19.42,1089
40615,Rainbach im Mühlkreis,18.32,553
40616,Sandl,20.36,286
40617,St. Leonhard bei Freistadt,22.12,292
40618,St. Oswald bei Freistadt,18.22,550
40619,Schönau im Mühlkreis,19.14,378
40620,Tragwein,18.56,585
40621,Unterweißenbach,20.42,446
40622,Unterweitersdorf,19.62,431
40623,Waldburg,20.42,299
40624,Wartberg ob der Aist,20.27,910
40625,Weitersfelden,20.57,210
40626,Windhaag bei Freistadt,22.32,354
40627,Bad Zell,18.6,551
40701,Altmünster,20.7,2070
40702,Bad Goisern am Hallstättersee,21.48,1627
40703,Bad Ischl,21.1,2976
40704,Ebensee am Traunsee,22.03,1642
40705,Gmunden,19.98,2644
40706,Gosau,20.75,387
40707,Grünau im Almtal,18.67,379
40708,Gschwandt,17.87,532
40709,Hallstatt,22.52,166
40710,Kirchham,16.76,375
40711,Laakirchen,18.69,1825
40712,Obertraun,22.66,165
40713,Ohlsdorf,19.82,1060
40714,Pinsdorf,17.32,769
40715,Roitham am Traunfall,18.83,403
40716,St. Konrad,19.35,225
40717,St. Wolfgang im Salzkammergut,18.85,543
40718,Traunkirchen,24.64,423
40719,Scharnstein,19.4,950
40720,Vorchdorf,17.85,1404
40801,Aistersheim,13.92,141
40802,Bad Schallerbach,17.82,810
40804,Eschenau im Hausruckkreis,22.1,232
40805,Gallspach,16.47,468
40806,Gaspoltshofen,21.34,779
40807,Geboltskirchen,19.74,290
40808,Grieskirchen,17.39,909
40809,Haag am Hausruck,16.88,397
40810,Heiligenberg,17.7,128
40811,Hofkirchen an der Trattnach,18.34,311
40812,Kallham,20.8,522
40813,Kematen am Innbach,18.03,253
40814,Meggenhofen,17.3,266
40815,Michaelnbach,16.99,221
40816,Natternbach,20.29,469
40817,Neukirchen am Walde,18.8,314
40818,Neumarkt im Hausruckkreis,17.14,261
40820,Pötting,18.98,108
40821,Pollham,20.31,209
40822,Pram,21.21,372
40823,Rottenbach,15.87,183
40824,St. Agatha,17.45,381
40825,St. Georgen bei Grieskirchen,16.98,224
40826,St. Thomas,15.75,92
40827,Schlüßlberg,18.81,574
40828,Steegen,23.97,263
40829,Taufkirchen an der Trattnach,20.66,404
40830,Tollet,21.73,206
40831,Waizenkirchen,17.14,670
40832,Wallern an der Trattnach,21.26,663
40833,Weibern,17.19,288
40834,Wendling,17.13,153
40835,Peuerbach,18.87,885
40901,Edlbach,23.41,151
40902,Grünburg,17.27,662
40903,Hinterstoder,25.47,219
40904,Inzersdorf im Kremstal,18.2,344
40905,Kirchdorf an der Krems,17.76,890
40906,Klaus an der Pyhrnbahn,18.47,210
40907,Kremsmünster,17.28,1217
40908,Micheldorf in Oberösterreich,19.39,1159
40909,Molln,20.78,748
40910,Nußbach,20.15,463
40911,Oberschlierbach,16.6,79
40912,Pettenbach,18.03,975
40913,Ried im Traunkreis,16.71,493
40914,Rosenau am Hengstpaß,19.26,125
40915,Roßleithen,19.5,356
40916,St. Pankraz,17.29,65
40917,Schlierbach,17.44,513
40918,Spital am Pyhrn,19.44,448
40919,Steinbach am Ziehberg,19.28,171
40920,Steinbach an der Steyr,19.48,382
40921,Vorderstoder,22.08,185
40922,Wartberg an der Krems,20.62,605
40923,Windischgarsten,22.45,529
41001,Allhaming,19.46,245
41002,Ansfelden,16.32,2981
41003,Asten,16.86,1255
41004,Eggendorf im Traunkreis,16.19,188
41005,Enns,17.34,2113
41006,Hargelsberg,19.18,279
41007,Hörsching,18.64,1225
41008,Hofkirchen im Traunkreis,17.27,360
41009,Kematen an der Krems,15.73,486
41010,Kirchberg-Thening,20.94,532
41011,Kronstorf,19.6,684
41012,Leonding,17.72,5181
41013,St. Florian,21.38,1351
41014,Neuhofen an der Krems,17.9,1229
41015,Niederneukirchen,20.14,421
41016,Oftering,18.95,402
41017,Pasching,16.81,1333
41018,Piberbach,17.8,364
41019,Pucking,19.39,812
41020,St. Marien,19.39,1016
41021,Traun,17.91,4539
41022,Wilhering,19.13,1189
41101,Allerheiligen im Mühlkreis,19.02,245
41102,Arbing,20.71,320
41103,Baumgartenberg,17.67,332
41104,Dimbach,19.28,192
41105,Grein,20.89,611
41106,Katsdorf,18.7,620
41107,Klam,18.07,176
41108,Bad Kreuzen,17.58,417
41109,Langenstein,20.9,538
41110,Luftenberg an der Donau,17.97,778
41111,Mauthausen,18.88,928
41112,Mitterkirchen im Machland,18.96,337
41113,Münzbach,15.33,291
41114,Naarn im Machlande,18.42,711
41115,Pabneukirchen,18.37,311
41116,Perg,16.25,1541
41117,Rechberg,17.59,184
41118,Ried in der Riedmark,18.87,829
41119,St. Georgen am Walde,20.41,403
41120,St. Georgen an der Gusen,17.11,763
41121,St. Nikola an der Donau,21.11,160
41122,St. Thomas am Blasenstein,16.75,159
41123,Saxen,18.14,306
41124,Schwertberg,18.28,1001
41125,Waldhausen im Strudengau,18.3,527
41126,Windhaag bei Perg,18.83,290
41201,Andrichsfurt,14.18,113
41202,Antiesenhofen,20.05,221
41203,Aurolzmünster,17.73,576
41204,Eberschwang,18.57,656
41205,Eitzing,16.36,149
41206,Geiersberg,21.28,103
41207,Geinberg,17.73,256
41208,Gurten,17.31,206
41209,Hohenzell,18.01,422
41210,Kirchdorf am Inn,16.04,106
41211,Kirchheim im Innkreis,17.93,144
41212,Lambrechten,18.68,247
41213,Lohnsburg am Kobernaußerwald,19.59,432
41214,Mehrnbach,19.57,461
41215,Mettmach,19.48,476
41216,Mörschwang,18.35,60
41217,Mühlheim am Inn,22.67,163
41218,Neuhofen im Innkreis,21.08,533
41219,Obernberg am Inn,18.19,312
41220,Ort im Innkreis,16.64,231
41221,Pattigham,16.21,177
41222,Peterskirchen,21.18,140
41223,Pramet,21.58,224
41224,Reichersberg,19.39,323
41225,Ried im Innkreis,17.09,2182
41226,St. Georgen bei Obernberg am Inn,21.67,114
41227,St. Marienkirchen am Hausruck,16.37,148
41228,St. Martin im Innkreis,16.55,367
41229,Schildorn,17.48,215
41230,Senftenbach,19.9,157
41231,Taiskirchen im Innkreis,18.05,440
41232,Tumeltsham,18.15,288
41233,Utzenaich,16.86,280
41234,Waldzell,19.57,450
41235,Weilbach,16.42,100
41236,Wippenham,20.73,119
41304,Altenfelden,18.78,429
41305,Arnreit,17.01,204
41306,Atzesberg,21.52,96
41307,Auberg,15.1,93
41309,Haslach an der Mühl,20.38,526
41311,Hörbich,15.68,66
41312,Hofkirchen im Mühlkreis,20.49,317
41313,Julbach,21.47,328
41314,Kirchberg ob der Donau,21.29,228
41315,Klaffer am Hochficht,20.71,285
41316,Kleinzell im Mühlkreis,17.52,299
41317,Kollerschlag,16.73,258
41318,Lembach im Mühlkreis,18.12,274
41319,Lichtenau im Mühlkreis,19.13,92
41320,Nebelberg,19.5,125
41321,Neufelden,20.18,245
41322,Niederkappel,20.48,204
41323,Niederwaldkirchen,18.49,345
41324,Oberkappel,17.36,129
41325,Oepping,19.55,304
41326,Peilstein im Mühlviertel,20.1,314
41327,Pfarrkirchen im Mühlkreis,18.7,259
41328,Putzleinsdorf,19.6,303
41329,Neustift im Mühlkreis,19.59,287
41331,St. Johann am Wimberg,19.23,194
41332,St. Martin im Mühlkreis,20.95,797
41333,St. Oswald bei Haslach,21.5,112
41334,St. Peter am Wimberg,17.26,309
41336,St. Ulrich im Mühlkreis,16.27,117
41337,St. Veit im Mühlkreis,19.9,266
41338,Sarleinsbach,19.86,446
41341,Schwarzenberg am Böhmerwald,22.4,129
41342,Ulrichsberg,21.59,617
41343,Aigen-Schlägl,20.2,663
41344,Rohrbach-Berg,20.98,1110
41345,Helfenberg,21.13,328
41346,St. Stefan-Afiesl,20.38,223
41401,Altschwendt,18.31,132
41402,Andorf,18.85,984
41403,Brunnenthal,19.62,408
41404,Diersbach,20.96,319
41405,Dorf an der Pram,18.2,198
41406,Eggerding,18.36,253
41407,Engelhartszell,25.61,232
41408,Enzenkirchen,20.39,363
41409,Esternberg,20.46,583
41410,Freinberg,21.82,334
41411,Kopfing im Innkreis,20.31,399
41412,Mayrhof,14.59,48
41413,Münzkirchen,18.83,485
41414,Raab,19.62,456
41415,Rainbach im Innkreis,19.48,307
41416,Riedau,19.23,387
41417,St. Aegidi,18.55,291
41418,St. Florian am Inn,19.07,615
41419,St. Marienkirchen bei Schärding,17.1,347
41420,St. Roman,18.41,327
41421,St. Willibald,20.11,216
41422,Schärding,19.25,1077
41423,Schardenberg,17.84,441
41424,Sigharting,17.15,153
41425,Suben,19.22,331
41426,Taufkirchen an der Pram,18.66,553
41427,Vichtenstein,20.98,129
41428,Waldkirchen am Wesen,25.19,291
41429,Wernstein am Inn,21.32,327
41430,Zell an der Pram,17.39,340
41501,Adlwang,15.88,344
41502,Aschach an der Steyr,20.42,470
41503,Bad Hall,19.09,1120
41504,Dietach,17.75,614
41505,Gaflenz,19.22,377
41506,Garsten,21.77,1453
41507,Großraming,20.49,540
41508,Laussa,17.98,223
41509,Losenstein,22.17,372
41510,Maria Neustift,19.35,316
41511,Pfarrkirchen bei Bad Hall,18.69,441
41512,Reichraming,21.8,364
41513,Rohr im Kremstal,17.2,257
41514,St. Ulrich bei Steyr,21.55,697
41515,Schiedlberg,18,237
41516,Sierning,19.07,1882
41517,Ternberg,19.76,670
41518,Waldneukirchen,18.78,428
41521,Wolfern,18.15,615
41522,Weyer,20.95,837
41601,Alberndorf in der Riedmark,19.41,818
41602,Altenberg bei Linz,18.24,882
41603,Bad Leonfelden,17.05,756
41604,Eidenberg,19.62,420
41605,Engerwitzdorf,18.65,1697
41606,Feldkirchen an der Donau,19.71,1100
41607,Gallneukirchen,19.31,1303
41608,Goldwörth,23.73,178
41609,Gramastetten,19.72,1013
41610,Haibach im Mühlkreis,16.96,165
41611,Hellmonsödt,20.76,504
41612,Herzogsdorf,18.97,520
41613,Kirchschlag bei Linz,19.49,438
41614,Lichtenberg,19.18,557
41615,Oberneukirchen,21.73,707
41616,Ottenschlag im Mühlkreis,19.73,116
41617,Ottensheim,20.22,960
41618,Puchenau,21.77,1022
41619,Reichenau im Mühlkreis,20.52,278
41620,Reichenthal,16.55,257
41621,St. Gotthard im Mühlkreis,21.65,286
41622,Schenkenfelden,19.77,320
41623,Sonnberg im Mühlkreis,14.8,165
41624,Steyregg,19.32,967
41626,Walding,20.37,874
41627,Zwettl an der Rodl,19.76,357
41628,Vorderweißenbach,17.98,496
41701,Ampflwang im Hausruckwald,21.27,732
41702,Attersee am Attersee,21.17,354
41703,Attnang-Puchheim,17.63,1638
41704,Atzbach,20.25,244
41705,Aurach am Hongar,17.35,325
41706,Berg im Attergau,17.33,199
41707,Desselbrunn,17.07,333
41708,Fornach,15.54,156
41709,Frankenburg am Hausruck,19.23,955
41710,Frankenmarkt,16.55,640
41711,Gampern,16.71,522
41712,Innerschwand am Mondsee,16.61,214
41713,Lenzing an der Ager,19.15,1006
41714,Manning,19.15,153
41715,Mondsee,18.76,739
41716,Neukirchen an der Vöckla,18.84,493
41717,Niederthalheim,15.66,181
41718,Nußdorf am Attersee,19.61,222
41719,Oberhofen am Irrsee,17.17,297
41720,Oberndorf bei Schwanenstadt,22.24,308
41721,Oberwang,16.32,289
41722,Ottnang am Hausruck,18.39,756
41723,Pfaffing,18.34,279
41724,Pilsbach,17.94,122
41725,Pitzenberg,18.92,109
41726,Pöndorf,18.08,440
41727,Puchkirchen am Trattberg,19.14,209
41728,Pühret,19.07,127
41729,Redleiten,15.12,80
41730,Redlham,17.16,283
41731,Regau,16.99,1223
41732,Rüstorf,17.71,408
41733,Rutzenham,21.31,62
41734,St. Georgen im Attergau,16.94,836
41735,St. Lorenz,16.43,435
41736,Schlatt,17.41,246
41737,Schörfling am Attersee,20.29,714
41738,Schwanenstadt,16.21,778
41739,Seewalchen am Attersee,20.08,1153
41740,Steinbach am Attersee,19.89,181
41741,Straß im Attergau,19.91,307
41742,Tiefgraben,16.97,711
41743,Timelkam,19.58,1158
41744,Ungenach,18.51,270
41745,Unterach am Attersee,19.99,312
41746,Vöcklabruck,18.79,2440
41747,Vöcklamarkt,16.68,866
41748,Weißenkirchen im Attergau,19.79,188
41749,Weyregg am Attersee,22.09,360
41750,Wolfsegg am Hausruck,17.28,345
41751,Zell am Moos,17.42,290
41752,Zell am Pettenfirst,19.23,245
41801,Aichkirchen,15.27,95
41802,Bachmanning,17.66,128
41803,Bad Wimsbach-Neydharting,19.01,477
41804,Buchkirchen,19.29,792
41805,Eberstalzell,15.93,464
41806,Edt bei Lambach,18.09,428
41807,Fischlham,19.26,266
41808,Gunskirchen,18.59,1211
41809,Holzhausen,14.74,172
41810,Krenglbach,19.39,632
41811,Lambach,16.21,634
41812,Marchtrenk,16.96,2513
41813,Neukirchen bei Lambach,18.07,180
41814,Offenhausen,17.21,292
41815,Pennewang,18.22,193
41816,Pichl bei Wels,19.14,565
41817,Sattledt,16.01,441
41818,Schleißheim,17.44,251
41819,Sipbachzell,15.62,352
41820,Stadl-Paura,19.2,1019
41821,Steinerkirchen an der Traun,17.29,425
41822,Steinhaus,17.95,498
41823,Thalheim bei Wels,18.56,1032
41824,Weißkirchen an der Traun,17.82,636
50101,Salzburg,16.61,26182
50201,Abtenau,19.11,1148
50202,Adnet,17.32,657
50203,Annaberg-Lungötz,19.06,425
50204,Golling an der Salzach,16.03,723
50205,Hallein,16.94,3669
50206,Krispl,20.28,175
50207,Kuchl,16.31,1225
50208,Oberalm,17.94,788
50209,Puch bei Hallein,17.26,849
50210,Rußbach am Paß Gschütt,21.89,169
50211,St. Koloman,17.15,312
50212,Scheffau am Tennengebirge,16.6,251
50213,Bad Vigaun,16.38,349
50301,Anif,18.1,801
50302,Anthering,18.78,701
50303,Bergheim,17.49,1000
50304,Berndorf bei Salzburg,18.47,328
50305,Bürmoos,18.8,950
50306,Dorfbeuern,18.94,304
50307,Ebenau,17.7,258
50308,Elixhausen,17.57,552
50309,Elsbethen,19.66,1072
50310,Eugendorf,16.62,1186
50311,Faistenau,19.03,598
50312,Fuschl am See,17.04,295
50313,Göming,16.04,123
50314,Grödig,18.49,1364
50315,Großgmain,19.24,525
50316,Hallwang,17.38,742
50317,Henndorf am Wallersee,19.38,1001
50318,Hintersee,20.97,99
50319,Hof bei Salzburg,16.74,607
50320,Köstendorf,17.47,479
50321,Koppl,17.23,640
50322,Lamprechtshausen,17.99,739
50323,Mattsee,19.11,676
50324,Neumarkt am Wallersee,17.28,1150
50325,Nußdorf am Haunsberg,17.67,451
50326,Oberndorf bei Salzburg,18.64,1129
50327,Obertrum am See,17.63,888
50328,Plainfeld,17.43,225
50329,St. Georgen bei Salzburg,18.78,606
50330,St. Gilgen,20.68,836
50331,Schleedorf,16.96,194
50332,Seeham,20.39,415
50335,Straßwalchen,16.5,1352
50336,Strobl,18.89,708
50337,Thalgau,16.38,1020
50338,Wals-Siezenheim,17.06,2459
50339,Seekirchen am Wallersee,16.59,1942
50401,Altenmarkt im Pongau,16.24,764
50402,Bad Hofgastein,20.85,1392
50403,Bad Gastein,20.48,821
50404,Bischofshofen,18.3,1966
50405,Dorfgastein,18.8,328
50406,Eben im Pongau,14.8,397
50407,Filzmoos,16.46,248
50408,Flachau,16.81,522
50409,Forstau,19.07,107
50410,Goldegg,18.42,504
50411,Großarl,16.39,630
50412,Hüttau,18.86,281
50413,Hüttschlag,16.95,150
50414,Kleinarl,17.31,144
50415,Mühlbach am Hochkönig,20.96,294
50416,Pfarrwerfen,16.18,423
50417,Radstadt,17.15,865
50418,St. Johann im Pongau,17.32,2016
50419,St. Martin am Tennengebirge,17.28,307
50420,St. Veit im Pongau,18.61,734
50421,Schwarzach im Pongau,18.67,661
50422,Untertauern,16,72
50423,Wagrain,18.67,593
50424,Werfen,17.85,552
50425,Werfenweng,14.57,161
50501,Göriach,19.76,67
50502,Lessach,18.45,100
50503,Mariapfarr,19.27,483
50504,Mauterndorf,21.43,341
50505,Muhr,22.65,111
50506,Ramingstein,25.57,271
50507,St. Andrä im Lungau,17.19,132
50508,St. Margarethen im Lungau,19.15,149
50509,St. Michael im Lungau,20.81,734
50510,Tamsweg,20.45,1183
50511,Thomatal,19.64,65
50512,Tweng,14.63,36
50513,Unternberg,18.46,189
50514,Weißpriach,18.52,55
50515,Zederhaus,19.05,224
50601,Bramberg am Wildkogel,19.17,790
50602,Bruck an der Großglocknerstraße,17.07,840
50603,Dienten am Hochkönig,15.63,113
50604,Fusch an der Großglocknerstraße,18.9,141
50605,Hollersbach im Pinzgau,20.49,252
50606,Kaprun,19.47,615
50607,Krimml,19,156
50608,Lend,20.42,263
50609,Leogang,18.12,649
50610,Lofer,18.04,380
50611,Maishofen,17.32,635
50612,Maria Alm am Steinernen Meer,17.7,401
50613,Mittersill,19.29,1104
50614,Neukirchen am Großvenediger,19.85,533
50615,Niedernsill,18.39,526
50616,Piesendorf,19.52,754
50617,Rauris,18.55,572
50618,Saalbach-Hinterglemm,19.75,569
50619,Saalfelden am Steinernen Meer,18.98,3284
50620,St. Martin bei Lofer,17.57,214
50621,Stuhlfelden,17.12,266
50622,Taxenbach,18.49,523
50623,Unken,19.52,397
50624,Uttendorf,19.19,588
50625,Viehhofen,16.05,96
50626,Wald im Pinzgau,20.32,230
50627,Weißbach bei Lofer,15.87,66
50628,Zell am See,19.56,2000
60101,Graz,14.03,42836
60305,Frauental an der Laßnitz,19.87,630
60318,Lannach,19.07,700
60323,Pölfing-Brunn,24.15,377
60324,Preding,19.57,371
60326,Sankt Josef (Weststeiermark),18.57,311
60329,Sankt Peter im Sulmtal,22.11,281
60341,Wettmannstätten,20.86,344
60344,Deutschlandsberg,20.86,2452
60345,Eibiswald,23.59,1452
60346,Groß Sankt Florian,20.51,839
60347,Sankt Martin im Sulmtal,22.4,672
60348,Sankt Stefan ob Stainz,22.5,826
60349,Bad Schwanberg,23.75,1050
60350,Stainz,20.78,1825
60351,Wies,22.39,962
60608,Feldkirchen bei Graz,15.63,1141
60611,Gössendorf,17.8,751
60613,Gratkorn,17.22,1426
60617,Hart bei Graz,19.54,1081
60618,Haselsdorf-Tobelbad,18.14,292
60619,Hausmannstätten,15.51,590
60623,Kainbach bei Graz,23.24,670
60624,Kalsdorf bei Graz,13.91,1253
60626,Kumberg,21.94,866
60628,Laßnitzhöhe,20.23,587
60629,Lieboch,17.36,999
60632,Peggau,17.15,417
60639,Sankt Bartholomä,19.02,286
60641,Sankt Oswald bei Plankenwarth,22.86,288
60642,Sankt Radegund bei Graz,21.85,471
60645,Semriach,19.98,628
60646,Stattegg,19.87,602
60647,Stiwoll,20.69,143
60648,Thal,20.39,518
60651,Übelbach,20.5,424
60653,Vasoldsberg,19.8,948
60654,Weinitzen,21.63,595
60655,Werndorf,15.46,457
60656,Wundschuh,18.11,305
60659,Deutschfeistritz,18.43,817
60660,Dobl-Zwaring,17.48,664
60661,Eggersdorf bei Graz,18.88,1384
60662,Fernitz-Mellach,20.42,1011
60663,Frohnleiten,21.67,1450
60664,Gratwein-Straßengel,20.11,2574
60665,Hitzendorf,20.09,1486
60666,Nestelbach bei Graz,19.53,534
60667,Raaba-Grambach,16.28,824
60668,Sankt Marein bei Graz,21.35,801
60669,Seiersberg-Pirka,17.99,2211
60670,Premstätten,17,1220
61001,Allerheiligen bei Wildon,19.63,317
61002,Arnfels,23.44,225
61007,Empersdorf,21.09,294
61008,Gabersdorf,15.73,206
61012,Gralla,15.33,441
61013,Großklein,22.18,495
61016,Heimschuh,19.83,396
61017,Hengsberg,17.98,283
61019,Kitzeck im Sausal,24.09,283
61020,Lang,19.52,268
61021,Lebring-Sankt Margarethen,19.96,451
61024,Oberhaag,23.26,470
61027,Ragnitz,18.46,304
61030,Sankt Andrä-Höch,21.91,379
61032,Sankt Johann im Saggautal,21.47,421
61033,Sankt Nikolai im Sausal,22.22,521
61043,Tillmitsch,20.08,795
61045,Wagna,18.42,1202
61049,Ehrenhausen an der Weinstraße,21.49,518
61050,Gamlitz,21.76,684
61051,Gleinstätten,20.99,590
61052,Heiligenkreuz am Waasen,19.33,566
61053,Leibnitz,19.09,2581
61054,Leutschach an der Weinstraße,20.48,724
61055,Sankt Georgen an der Stiefing,18.71,302
61057,Schwarzautal,20.97,495
61059,Wildon,18.43,1059
61060,Sankt Veit in der Südsteiermark,20.72,917
61061,Straß in Steiermark,19.3,1261
61101,Eisenerz,27.57,927
61105,Kalwang,21.15,220
61106,Kammern im Liesingtal,18.79,314
61107,Kraubath an der Mur,20.91,280
61108,Leoben,18.83,4625
61109,Mautern in Steiermark,23.25,385
61110,Niklasdorf,20.25,475
61111,Proleb,21.64,336
61112,Radmer,28.9,137
61113,Sankt Michael in Obersteiermark,21.14,640
61114,Sankt Peter-Freienstein,19.43,448
61115,Sankt Stefan ob Leoben,22.69,412
61116,Traboch,22.16,314
61118,Vordernberg,24.66,233
61119,Wald am Schoberpaß,21.78,115
61120,Trofaiach,21.72,2396
61203,Aigen im Ennstal,21.2,582
61204,Altaussee,23.94,458
61205,Altenmarkt bei Sankt Gallen,21.18,165
61206,Ardning,23.55,308
61207,Bad Aussee,22.19,1107
61213,Gröbming,19.24,616
61215,Grundlsee,24.64,291
61217,Haus,21.05,516
61222,Lassing,21.08,355
61236,Ramsau am Dachstein,19.59,570
61243,Selzthal,22.76,336
61247,Trieben,20.62,680
61251,Wildalpen,27.55,119
61252,Wörschach,19.66,241
61253,Admont,21.34,1048
61254,Aich,19.29,255
61255,Bad Mitterndorf,22.78,1131
61256,Gaishorn am See,21.09,286
61257,Irdning-Donnersbachtal,20.49,855
61258,Landl,24.49,606
61259,Liezen,19.96,1626
61260,Michaelerberg-Pruggern,16.13,205
61261,Mitterberg-Sankt Martin,19.9,393
61262,Öblarn,19.46,368
61263,Rottenmann,20.44,1014
61264,Sankt Gallen,20.14,362
61265,Schladming,20.4,1341
61266,Sölk,21.08,308
61267,Stainach-Pürgg,19.57,531
61410,Mühlen,22.34,193
61413,Niederwölz,20.1,120
61425,St. Peter am Kammersberg,20.68,409
61428,Schöder,24.97,216
61437,Krakau,23.76,322
61438,Murau,23.78,792
61439,Neumarkt in der Steiermark,21.66,1041
61440,Oberwölz,21.32,622
61441,Ranten,21.08,235
61442,Sankt Georgen am Kreischberg,21.97,366
61443,Sankt Lambrecht,25.39,453
61444,Scheifling,21.02,445
61445,Stadl-Predlitz,23.56,394
61446,Teufenbach-Katsch,20.57,377
61611,Krottendorf-Gaisfeld,21.48,519
61612,Ligist,21.32,689
61615,Mooskirchen,20.22,450
61618,Rosental an der Kainach,23.19,390
61621,Sankt Martin am Wöllmißberg,23.29,184
61624,Stallhofen,21.83,711
61625,Voitsberg,21.06,2011
61626,Bärnbach,20.17,1189
61627,Edelschrott,23.78,390
61628,Geistthal-Södingberg,23.02,328
61629,Hirschegg-Pack,26.99,271
61630,Kainach bei Voitsberg,24.77,374
61631,Köflach,22.32,2118
61632,Maria Lankowitz,23.79,643
61633,Söding-Sankt Johann,20.04,873
61701,Albersdorf-Prebuch,17.35,397
61708,Fischbach,21.9,327
61710,Floing,20.1,241
61711,Gasen,21.58,183
61716,Markt Hartmannsdorf,20.49,614
61719,Hofstätten an der Raab,17.78,421
61727,Ludersdorf-Wilfersdorf,17.44,450
61728,Miesenbach bei Birkfeld,20.27,135
61729,Mitterdorf an der Raab,19.58,419
61730,Mortantsch,17.81,404
61731,Naas,20.97,277
61740,Puch bei Weiz,20.89,428
61741,Ratten,23.18,252
61743,Rettenegg,21.37,147
61744,St. Kathrein am Hauenstein,20.55,126
61745,Sankt Kathrein am Offenegg,23.13,247
61746,St. Margarethen an der Raab,19.2,806
61748,Sinabelkirchen,18.3,822
61750,Strallegg,20.8,396
61751,Thannhausen,20.23,491
61756,Anger,22.34,892
61757,Birkfeld,22,1087
61758,Fladnitz an der Teichalm,17.73,319
61759,Gersdorf an der Feistritz,18.34,320
61760,Gleisdorf,17.77,2049
61761,Gutenberg,21.51,353
61762,Ilztal,20.24,454
61763,Passail,20.09,877
61764,Pischelsdorf am Kulm,19.68,767
61765,Sankt Ruprecht an der Raab,17.95,1020
61766,Weiz,19.33,2342
62007,Fohnsdorf,21.3,1632
62008,Gaal,23.14,301
62010,Hohentauern,26.08,97
62014,Kobenz,17.69,370
62021,Pusterwald,18.54,79
62026,Sankt Georgen ob Judenburg,24.06,198
62032,Sankt Peter ob Judenburg,19.75,221
62034,Seckau,21.42,284
62036,Unzmarkt-Frauenburg,22.84,291
62038,Zeltweg,21.35,1493
62039,Lobmingtal,23.35,425
62040,Judenburg,21.7,2085
62041,Knittelfeld,19.23,2475
62042,Obdach,21.99,833
62043,Pöls-Oberkurzheim,23.35,645
62044,Pölstal,23.46,590
62045,Sankt Marein-Feistritz,19.85,396
62046,Sankt Margarethen bei Knittelfeld,21.98,586
62047,Spielberg,22.43,1200
62048,Weißkirchen in Steiermark,21.37,1016
62105,Breitenau am Hochlantsch,25.37,396
62115,Krieglach,19.73,1073
62116,Langenwang,23.01,898
62125,Pernegg an der Mur,20.33,523
62128,Sankt Lorenzen im Mürztal,20.21,761
62131,Spital am Semmering,26.69,380
62132,Stanz im Mürztal,24.25,429
62135,Turnau,19.83,308
62138,Aflenz,24.21,592
62139,Bruck an der Mur,20.69,3255
62140,Kapfenberg,20.6,4513
62141,Kindberg,20.91,1704
62142,Mariazell,25.2,894
62143,Mürzzuschlag,22.05,1724
62144,Neuberg an der Mürz,26.9,605
62145,Sankt Barbara im Mürztal,23.19,1487
62146,Sankt Marein im Mürztal,16.99,489
62147,Thörl,23.44,506
62148,Tragöß-Sankt Katharein,24.9,446
62202,Bad Blumau,19.32,323
62205,Buch-St. Magdalena,20.68,454
62206,Burgau,23.28,253
62209,Ebersdorf,19.4,253
62211,Friedberg,20.58,551
62214,Greinbach,19.72,366
62216,Großsteinbach,23.36,303
62219,Hartberg,20.58,1384
62220,Hartberg Umgebung,19.4,430
62226,Lafnitz,17.78,258
62232,Ottendorf an der Rittschein,20.29,327
62233,Pinggau,21,647
62235,Pöllauberg,21.81,429
62242,Sankt Jakob im Walde,19.49,199
62244,Sankt Johann in der Haide,18.79,436
62245,Sankt Lorenzen am Wechsel,20.62,292
62247,Schäffern,18.48,248
62256,Stubenberg,23.52,523
62262,Wenigzell,25.62,351
62264,Bad Waltersdorf,18.98,755
62265,Dechantskirchen,22.79,457
62266,Feistritztal,19.92,463
62268,Grafendorf bei Hartberg,19.93,647
62269,Großwilfersdorf,21.3,448
62270,Hartl,21.99,466
62271,Ilz,19.18,737
62272,Kaindorf,19.87,602
62273,Bad Loipersdorf,22.22,405
62274,Neudau,20.38,308
62275,Pöllau,22.14,1304
62276,Rohr bei Hartberg,21.98,307
62277,Rohrbach an der Lafnitz,21.56,563
62278,Vorau,23.05,1058
62279,Waldbach-Mönichwald,24.68,342
62280,Fürstenfeld,21.57,2241
62311,Edelsbach bei Feldbach,20.8,282
62314,Eichkögl,18.39,255
62326,Halbenrain,23.58,400
62330,Jagerberg,20.15,320
62332,Kapfenstein,21.68,325
62335,Klöch,26.08,303
62343,Mettersdorf am Saßbach,20.22,275
62368,Tieschen,24.22,289
62372,Unterlamm,22.45,284
62375,Bad Gleichenberg,23.76,1243
62376,Bad Radkersburg,28.54,919
62377,Deutsch Goritz,21.92,390
62378,Fehring,21.84,1561
62379,Feldbach,20.02,2702
62380,Gnas,21.14,1262
62381,Kirchbach-Zerlach,21.88,700
62382,Kirchberg an der Raab,20.09,919
62383,Mureck,22.87,801
62384,Paldau,20.97,659
62385,Pirching am Traubenberg,20.14,506
62386,Riegersburg,21.31,1055
62387,Sankt Anna am Aigen,23.28,547
62388,Sankt Peter am Ottersbach,21.98,634
62389,Sankt Stefan im Rosental,20.53,779
62390,Straden,24.5,833
70101,Innsbruck,15.02,19902
70201,Arzl im Pitztal,17.78,568
70202,Haiming,16.18,789
70203,Imst,16.1,1801
70204,Imsterberg,17.31,144
70205,Jerzens,19.01,169
70206,Karres,16.75,104
70207,Karrösten,20.11,145
70208,Längenfeld,16.23,797
70209,Mieming,18.12,715
70210,Mils bei Imst,14.24,95
70211,Mötz,18.04,249
70212,Nassereith,19.13,433
70213,Obsteig,17.05,249
70214,Oetz,19.45,469
70215,Rietz,17.91,451
70216,Roppen,15.39,303
70217,St. Leonhard im Pitztal,19.03,276
70218,Sautens,17.15,276
70219,Silz,19.89,522
70220,Sölden,16.79,517
70221,Stams,15.63,246
70222,Tarrenz,18.49,520
70223,Umhausen,14.37,508
70224,Wenns,17.73,383
70301,Absam,18.18,1333
70302,Aldrans,14.67,415
70303,Ampass,15.53,284
70304,Axams,19.15,1218
70305,Baumkirchen,19.03,240
70306,Birgitz,18.88,279
70307,Ellbögen,16.61,196
70308,Flaurling,16.08,213
70309,Fritzens,18.26,400
70310,Fulpmes,16.98,785
70311,Gnadenwald,16.67,143
70312,Götzens,18.46,779
70313,Gries am Brenner,17.9,240
70314,Gries im Sellrain,17.85,113
70315,Grinzens,16.52,246
70317,Gschnitz,16.95,79
70318,Hatting,14.55,217
70319,Inzing,17.99,746
70320,Kematen in Tirol,16.69,554
70322,Kolsass,17.37,291
70323,Kolsassberg,16.38,144
70325,Lans,16.15,193
70326,Leutasch,21.37,545
70328,Mieders,16.5,330
70329,Mils,15.66,739
70331,Mutters,17.5,404
70332,Natters,18.78,407
70333,Navis,17.2,353
70334,Neustift im Stubaital,16.43,822
70335,Oberhofen im Inntal,16.74,327
70336,Obernberg am Brenner,19.4,77
70337,Oberperfuss,16.67,526
70338,Patsch,15.79,181
70339,Pettnau,16.28,183
70340,Pfaffenhofen,14.37,188
70342,Polling in Tirol,12.86,178
70343,Ranggen,15.95,182
70344,Reith bei Seefeld,18.07,284
70345,Rinn,16.4,316
70346,Rum,16.21,1539
70347,St. Sigmund im Sellrain,22.6,40
70348,Scharnitz,18.71,265
70349,Schmirn,18.39,160
70350,Schönberg im Stubaital,15.55,167
70351,Seefeld in Tirol,20.52,742
70352,Sellrain,21.15,286
70353,Sistrans,16.7,384
70354,Hall in Tirol,15.89,2336
70355,Steinach am Brenner,18.22,667
70356,Telfes im Stubai,17.16,279
70357,Telfs,17.06,2804
70358,Thaur,16.4,716
70359,Trins,19.27,268
70360,Tulfes,18,313
70361,Unterperfuss,14.63,36
70362,Vals,16.95,90
70364,Völs,17.26,1267
70365,Volders,18.84,871
70366,Wattenberg,14.25,113
70367,Wattens,18.48,1504
70368,Wildermieming,15.44,157
70369,Zirl,17.22,1421
70370,Matrei am Brenner,18.84,671
70401,Aurach bei Kitzbühel,21.97,248
70402,Brixen im Thale,20.42,551
70403,Fieberbrunn,19.64,894
70404,Going am Wilden Kaiser,20.05,397
70405,Hochfilzen,18.63,247
70406,Hopfgarten im Brixental,19.5,1140
70407,Itter,19.39,228
70408,Jochberg,22.41,340
70409,Kirchberg in Tirol,21.88,1139
70410,Kirchdorf in Tirol,17.83,746
70411,Kitzbühel,22.16,1835
70412,Kössen,21.51,990
70413,Oberndorf in Tirol,20.77,494
70414,Reith bei Kitzbühel,21.18,373
70415,St. Jakob in Haus,19.71,165
70416,St. Johann in Tirol,19.52,1931
70417,St. Ulrich am Pillersee,18.73,365
70418,Schwendt,20.85,192
70419,Waidring,18.85,393
70420,Westendorf,21.08,790
70501,Alpbach,21.34,543
70502,Angath,15.5,157
70503,Bad Häring,17.19,517
70504,Brandenberg,18.97,287
70505,Breitenbach am Inn,16.11,574
70506,Brixlegg,18.04,563
70508,Ebbs,18.34,1094
70509,Ellmau,19.13,565
70510,Erl,15.77,256
70511,Kirchbichl,16.57,999
70512,Kramsach,17.47,889
70513,Kufstein,16.25,3284
70514,Kundl,15.36,768
70515,Langkampfen,17.43,755
70516,Mariastein,14.9,69
70517,Münster,18.28,658
70518,Niederndorf,17.07,497
70519,Niederndorferberg,15.15,110
70520,Radfeld,15.85,403
70521,Rattenberg,11.04,51
70522,Reith im Alpbachtal,17.89,513
70523,Rettenschöss,15.22,86
70524,Scheffau am Wilden Kaiser,19.97,308
70525,Schwoich,18.16,480
70526,Söll,19.33,731
70527,Thiersee,18.58,590
70528,Angerberg,18.85,371
70529,Walchsee,20.06,441
70530,Wildschönau,18.39,810
70531,Wörgl,16.13,2325
70601,Faggen,12.85,51
70602,Fendels,17.87,52
70603,Fiss,16.19,171
70604,Fließ,17.84,554
70605,Flirsch,19.23,194
70606,Galtür,16.6,131
70607,Grins,16.1,224
70608,Ischgl,16.88,276
70609,Kappl,18.84,480
70610,Kaunerberg,13.6,62
70611,Kaunertal,16.93,107
70612,Kauns,11.84,65
70613,Ladis,17.52,96
70614,Landeck,17.7,1365
70615,Nauders,19.41,303
70616,Pettneu am Arlberg,18.41,267
70617,Pfunds,17.33,448
70618,Pians,18.52,148
70619,Prutz,18.41,346
70620,Ried im Oberinntal,17.28,234
70621,St. Anton am Arlberg,20.35,472
70622,Schönwies,16.82,297
70623,See,15.69,196
70624,Serfaus,15.18,184
70625,Spiss,13.4,13
70626,Stanz bei Landeck,20.55,120
70627,Strengen,19.63,235
70628,Tobadill,21,105
70629,Tösens,19.12,143
70630,Zams,18.74,677
70701,Abfaltersbach,17.18,111
70702,Ainet,18.71,171
70703,Amlach,15.53,82
70704,Anras,18.68,226
70705,Assling,19.83,343
70706,Außervillgraten,23.08,165
70707,Dölsach,19.88,461
70708,Gaimberg,20.12,174
70709,Hopfgarten in Defereggen,18,119
70710,Innervillgraten,16.8,152
70711,Iselsberg-Stronach,21.73,133
70712,Kals am Großglockner,19.89,221
70713,Kartitsch,19.37,147
70714,Lavant,15.56,54
70715,Leisach,20.93,153
70716,Lienz,21.38,2589
70717,Matrei in Osttirol,18.45,852
70718,Nikolsdorf,17.69,153
70719,Nußdorf-Debant,18.8,642
70720,Oberlienz,18.11,269
70721,Obertilliach,18.68,125
70723,Prägraten am Großvenediger,18.43,209
70724,St. Jakob in Defereggen,21.68,178
70725,St. Johann im Walde,15.93,47
70726,St. Veit in Defereggen,18.67,115
70727,Schlaiten,20.68,97
70728,Sillian,20.12,408
70729,Strassen,20.02,162
70731,Thurn,18.27,118
70732,Tristach,18,270
70733,Untertilliach,12.68,27
70734,Virgen,18.07,405
70735,Heinfels,17.45,179
70801,Bach,25.84,170
70802,Berwang,19.37,122
70803,Biberwier,20.75,138
70804,Bichlbach,17.25,137
70805,Breitenwang,19.65,283
70806,Ehenbichl,19.31,162
70807,Ehrwald,22.67,594
70808,Elbigenalp,20.29,179
70809,Elmen,25.13,99
70810,Forchach,22.09,57
70811,Grän,18.47,118
70812,Gramais,9.3,4
70813,Häselgehr,18.1,126
70814,Heiterwang,19.1,106
70815,Hinterhornbach,16.85,15
70816,Höfen,20.59,265
70817,Holzgau,17.36,67
70818,Jungholz,21.07,63
70819,Kaisers,15.49,11
70820,Lechaschau,20.06,416
70821,Lermoos,17.4,201
70822,Musau,23.56,90
70823,Namlos,46.3,25
70824,Nesselwängle,21.08,98
70825,Pfafflar,23.66,22
70826,Pflach,18.08,301
70827,Pinswang,24.06,102
70828,Reutte,16.48,1204
70829,Schattwald,16.34,76
70830,Stanzach,19.22,99
70831,Steeg,18.35,118
70832,Tannheim,17.68,207
70833,Vils,19.78,300
70834,Vorderhornbach,21.15,59
70835,Wängle,18.12,181
70836,Weißenbach am Lech,21.79,273
70837,Zöblen,21.76,52
70901,Achenkirch,21.36,478
70902,Aschau im Zillertal,17.18,324
70903,Brandberg,19.06,73
70904,Bruck am Ziller,16.48,187
70905,Buch in Tirol,18.58,485
70907,Eben am Achensee,18.17,647
70908,Finkenberg,21.03,299
70909,Fügen,15.64,675
70910,Fügenberg,15.76,237
70911,Gallzein,15.21,106
70912,Gerlos,17.93,142
70913,Gerlosberg,13.75,66
70914,Hainzenberg,16.67,125
70915,Hart im Zillertal,17.24,290
70916,Hippach,19.28,277
70917,Jenbach,17.18,1313
70918,Kaltenbach,16.92,219
70920,Mayrhofen,18.77,747
70921,Pill,17.12,219
70922,Ramsau im Zillertal,16.96,296
70923,Ried im Zillertal,18.69,231
70924,Rohrberg,13.1,77
70925,Schlitters,14.18,226
70926,Schwaz,17.45,2527
70927,Schwendau,14.88,266
70928,Stans,17.34,389
70929,Steinberg am Rofan,20.47,61
70930,Strass im Zillertal,17.1,144
70931,Stumm,18.06,346
70932,Stummerberg,18.87,164
70933,Terfens,16.67,383
70934,Tux,18.71,358
70935,Uderns,17.04,345
70936,Vomp,17.63,966
70937,Weer,16.07,294
70938,Weerberg,16.15,415
70939,Wiesing,17.13,381
70940,Zell am Ziller,19.29,339
70941,Zellberg,17.37,115
80101,Bartholomäberg,18.35,444
80102,Blons,13.11,46
80103,Bludenz,17.22,2600
80104,Bludesch,16.56,432
80105,Brand,16.98,128
80106,Bürs,17.96,619
80107,Bürserberg,17.99,111
80108,Dalaas,19.85,323
80109,Fontanella,13.68,64
80110,Gaschurn,21.02,330
80111,Innerbraz,18.33,200
80112,Klösterle,20.09,134
80113,Lech,17.21,270
80114,Lorüns,15.08,46
80115,Ludesch,16.31,603
80116,Nenzing,16.79,1096
80117,Nüziders,18.1,897
80118,Raggal,17.28,156
80119,St. Anton im Montafon,19.51,142
80120,St. Gallenkirch,20.34,452
80121,St. Gerold,16.67,66
80122,Schruns,19.43,777
80123,Silbertal,17.67,150
80124,Sonntag,18.59,116
80125,Stallehr,16.9,48
80126,Thüringen,18.96,443
80127,Thüringerberg,15.17,113
80128,Tschagguns,19.72,445
80129,Vandans,19.02,538
80201,Alberschwende,17.14,572
80202,Andelsbuch,13.23,358
80203,Au,16.06,306
80204,Bezau,16.72,340
80205,Bildstein,17.11,142
80206,Bizau,15.9,177
80207,Bregenz,17.53,5166
80208,Buch,15.55,93
80209,Damüls,17.99,61
80210,Doren,18.23,191
80211,Egg,16.64,628
80212,Eichenberg,19.81,83
80213,Fußach,15.98,652
80214,Gaißau,14.48,273
80215,Hard,17.81,2429
80216,Hittisau,15.62,323
80217,Höchst,16.43,1407
80218,Hörbranz,17.58,1183
80219,Hohenweiler,18.41,262
80220,Kennelbach,17.74,330
80221,Krumbach,18.29,203
80222,Langen bei Bregenz,21,315
80223,Langenegg,16.34,194
80224,Lauterach,16.31,1724
80225,Lingenau,17.5,279
80226,Lochau,19.82,1327
80227,Mellau,17.34,226
80228,Mittelberg,18.63,946
80229,Möggers,20.39,114
80230,Reuthe,15.35,103
80231,Riefensberg,15.33,164
80232,Schnepfau,17.94,87
80233,Schoppernau,11.16,105
80234,Schröcken,17.59,38
80235,Schwarzach,17.49,674
80236,Schwarzenberg,15.37,292
80237,Sibratsgfäll,14.53,69
80238,Sulzberg,18.93,351
80239,Warth,19.02,35
80240,Wolfurt,16.52,1479
80301,Dornbirn,15.88,8277
80302,Hohenems,14.98,2611
80303,Lustenau,15.4,3789
80401,Altach,16.5,1188
80402,Düns,15.28,68
80403,Dünserberg,24.03,37
80404,Feldkirch,15.78,5793
80405,Frastanz,16.96,1131
80406,Fraxern,16.54,127
80407,Göfis,18.31,610
80408,Götzis,15.68,1945
80409,Klaus,17.51,538
80410,Koblach,16.99,842
80411,Laterns,20.48,144
80412,Mäder,15.23,647
80413,Meiningen,15.44,391
80414,Rankweil,17.64,2145
80415,Röns,14.62,57
80416,Röthis,16.48,369
80417,Satteins,17.79,498
80418,Schlins,15.63,405
80419,Schnifis,17.52,141
80420,Sulz,16.3,442
80421,Übersaxen,15.59,97
80422,Viktorsberg,19.86,87
80423,Weiler,15.63,359
80424,Zwischenwasser,18.25,624
90101,Wien-Innere Stadt,19.04,3100
90201,Wien-Leopoldstadt,13.05,14701
90301,Wien-Landstraße,14.32,14157
90401,Wien-Wieden,15.28,5109
90501,Wien-Margareten,13.88,7578
90601,Wien-Mariahilf,14.84,4612
90701,Wien-Neubau,14.76,4624
90801,Wien-Josefstadt,14.88,3606
90901,Wien-Alsergrund,13.92,5799
91001,Wien-Favoriten,13.52,30166
91101,Wien-Simmering,13.43,15060
91201,Wien-Meidling,14.1,14433
91301,Wien-Hietzing,16.11,9038
91401,Wien-Penzing,15.82,15670
91501,Wien-Rudolfsheim-Fünfhaus,13.7,10400
91601,Wien-Ottakring,14.64,15039
91701,Wien-Hernals,14.43,8190
91801,Wien-Währing,14.17,7279
91901,Wien-Döbling,15.11,11495
92001,Wien-Brigittenau,14.11,12266
92101,Wien-Floridsdorf,14.62,27716
92201,Wien-Donaustadt,14.2,32388
92301,Wien-Liesing,14.98,18538